{"stats":{"minecraft:crafted":{"minecraft:brick":48,"minecraft:wooden_sword":3,"minecraft:furnace":1,"minecraft:bamboo_block":4,"minecraft:melon_seeds":5,"minecraft:stone_pickaxe":1,"minecraft:chest":3,"iceandfire:silver_ingot":1,"minecraft:crafting_table":1,"minecraft:jungle_boat":2,"minecraft:wooden_pickaxe":1,"minecraft:air":0,"minecraft:jungle_planks":124,"minecraft:string":17,"minecraft:white_wool":4,"minecraft:wooden_hoe":1,"minecraft:charcoal":48,"minecraft:stick":20,"apocalypsenow:cooked_human_flesh":2,"minecraft:iron_ingot":2,"minecraft:stone_sword":1},"minecraft:broken":{"minecraft:wooden_shovel":1},"minecraft:used":{"minecraft:stone_sword":112,"farmersdelight:cabbage_seeds":15,"minecraft:chest":3,"farmersdelight:cabbage":2,"vinery:jungle_grapes_red":1,"minecraft:wooden_shovel":62,"minecraft:farmland":23,"minecraft:dirt":49,"laendli_transport:item_airship":2,"minecraft:milk_bucket":1,"minecraft:wooden_axe":47,"apocalypsenow:macandcheese":1,"apocalypsenow:wooden_fire_axe":65,"apocalypsenow:pallet_storage":1,"minecraft:bamboo":2,"apocalypsenow:chocolate_bar":4,"minecraft:furnace":1,"minecraft:beetroot_seeds":19,"farmersdelight:tomato_seeds":1,"minecraft:wheat_seeds":2,"apocalypsenow:cooked_human_flesh":2,"minecraft:stone_pickaxe":2,"minecraft:wooden_pickaxe":11,"minecraft:sugar_cane":8,"minecraft:jungle_boat":5,"minecraft:sand":136,"minecraft:crafting_table":1,"waystones:waystone":1,"minecraft:wooden_hoe":51,"minecraft:apple":1,"minecraft:melon_slice":11,"supplementaries:flax_seeds":37,"minecraft:wooden_sword":27,"minecraft:bucket":1,"alexsmobs:animal_dictionary":1},"minecraft:custom":{"minecraft:mob_kills":46,"minecraft:interact_with_crafting_table":30,"minecraft:leave_game":7,"minecraft:time_since_death":38055,"minecraft:climb_one_cm":15883,"minecraft:sprint_one_cm":86871,"minecraft:walk_one_cm":841835,"minecraft:drop":70,"minecraft:play_time":216264,"minecraft:deaths":10,"minecraft:sneak_time":2815,"minecraft:walk_under_water_one_cm":79498,"minecraft:boat_one_cm":524603,"minecraft:jump":1222,"minecraft:walk_on_water_one_cm":92935,"minecraft:total_world_time":216264,"minecraft:interact_with_furnace":23,"minecraft:time_since_rest":38135,"minecraft:waystone_activated":1,"minecraft:damage_taken":3522,"minecraft:damage_dealt":10174,"minecraft:player_kills":1,"minecraft:swim_one_cm":145909,"minecraft:fly_one_cm":548316,"minecraft:open_chest":54,"minecraft:crouch_one_cm":955,"minecraft:fall_one_cm":15748},"minecraft:killed":{"apocalypsenow:military_01":1,"apocalypsenow:looter_1":5,"apocalypsenow:runner_37":1,"apocalypsenow:runner_39":1,"apocalypsenow:runner_35":4,"laendli_transport:airship":1,"minecraft:phantom":4,"minecraft:skeleton":1,"apocalypsenow:runner_41":1,"apocalypsenow:runner_42":1,"apocalypsenow:runner_46":1,"apocalypsenow:runner_45":2,"born_in_chaos_v1:corpse_fish":5,"minecraft:drowned":2,"apocalypsenow:runner_53":1,"apocalypsenow:runner_34":2,"undead_revamp2:sucker":1,"alexsmobs:flying_fish":1,"apocalypsenow:runner_40":1,"born_in_chaos_v1:glutton_fish":1,"apocalypsenow:runner_54":2,"minecraft:zombie":1,"apocalypsenow:runner_48":1,"apocalypsenow:runner_47":2,"apocalypsenow:runner_51":2},"minecraft:killed_by":{"minecraft:player":3,"born_in_chaos_v1:glutton_fish":1,"apocalypsenow:looter_1":1,"undead_revamp2:therod":1,"undead_revamp2:bigsucker":1,"apocalypsenow:runner_44":1},"minecraft:mined":{"minecraft:farmland":1,"iceandfire:silver_ore":1,"minecraft:jungle_leaves":13,"apocalypsenow:pallet_storage":1,"minecraft:grass_block":49,"minecraft:jungle_planks":14,"minecraft:jungle_log":30,"farmersdelight:wild_cabbages":11,"minecraft:spore_blossom":1,"farmersdelight:wild_rice":2,"supplementaries:flax":19,"minecraft:vine":3,"minecraft:bamboo":13,"minecraft:stone":3,"minecraft:flowering_azalea":1,"minecraft:melon":5,"supplementaries:wild_flax":10,"farmersdelight:cabbages":1,"minecraft:sugar_cane":3,"farmersdelight:wild_beetroots":12,"farmersdelight:sandy_shrub":3,"minecraft:grass":15,"minecraft:coal_ore":8,"vinery:jungle_grape_bush_white":1,"minecraft:sand":129,"minecraft:dirt":15,"minecraft:oak_leaves":17,"minecraft:fern":5},"minecraft:dropped":{"minecraft:wheat_seeds":3,"apocalypsenow:red_crowbar":1,"minecraft:jungle_planks":17,"culturaldelights:squid":1,"minecraft:stick":8,"minecraft:dirt":23,"minecraft:melon_slice":17,"minecraft:wooden_sword":3,"minecraft:jungle_sapling":1,"minecraft:sand":16,"minecraft:white_wool":4,"alexsmobs:animal_dictionary":2,"minecraft:cocoa_beans":1,"alexscaves:cave_tablet":1,"apocalypsenow:chocolate_bar":8,"minecraft:rotten_flesh":3,"supplementaries:ash":4,"minecraft:melon_seeds":5,"minecraft:bamboo":6,"apocalypsenow:construction_axe":1,"apocalypsenow:human_flesh":5},"minecraft:picked_up":{"minecraft:wooden_axe":2,"minecraft:charcoal":48,"minecraft:cocoa_beans":1,"vinery:red_grape":1,"minecraft:wooden_pickaxe":1,"alexscaves:cave_tablet":1,"minecraft:brick":39,"minecraft:raw_copper":20,"minecraft:wooden_sword":3,"minecraft:beetroot":2,"farmersdelight:cabbage":2,"minecraft:jungle_sapling":2,"minecraft:wooden_shovel":1,"minecraft:melon_slice":30,"minecraft:sugar_cane":9,"farmersdelight:cabbage_seeds":15,"minecraft:phantom_membrane":3,"vinery:jungle_grape_seeds_white":8,"minecraft:stick":14,"supplementaries:flax":17,"apocalypsenow:pallet_storage":1,"minecraft:stone_sword":1,"iceandfire:silver_ingot":1,"minecraft:rotten_flesh":22,"minecraft:tropical_fish":3,"minecraft:beetroot_seeds":12,"apocalypsenow:chocolate_bar":12,"born_in_chaos_v1:sea_terror_eye":2,"culturaldelights:squid":2,"supplementaries:ash":8,"minecraft:glow_berries":3,"alexsmobs:flying_fish":3,"minecraft:cobblestone":3,"minecraft:jungle_boat":3,"farmersdelight:rice":2,"minecraft:jungle_log":32,"minecraft:filled_map":1,"supplementaries:flax_seeds":57,"minecraft:wooden_hoe":1,"minecraft:dirt":66,"minecraft:bone":2,"minecraft:apple":1,"undead_revamp2:blacpetalblock":1,"minecraft:wheat_seeds":3,"apocalypsenow:human_flesh":22,"minecraft:spore_blossom":1,"minecraft:iron_ingot":2,"minecraft:stone_pickaxe":3,"minecraft:bamboo":116,"minecraft:oak_planks":1,"minecraft:flowering_azalea":1,"vinery:jungle_grapes_white":8,"minecraft:sand":146,"minecraft:jungle_planks":28,"alexsmobs:animal_dictionary":2,"vinery:jungle_grapes_red":5,"waystones:waystone":1,"minecraft:bone_meal":6,"minecraft:oak_sapling":1,"born_in_chaos_v1:rotten_fish":18,"minecraft:coal":18,"born_in_chaos_v1:sea_terror_stomach":1,"iceandfire:raw_silver":1}},"DataVersion":3465}