{"stats":{"minecraft:crafted":{"minecraft:brick":48,"minecraft:wooden_sword":3,"minecraft:furnace":1,"minecraft:stone":1,"minecraft:bamboo_block":4,"minecraft:melon_seeds":5,"minecraft:stone_pickaxe":1,"minecraft:chest":3,"iceandfire:silver_ingot":1,"minecraft:crafting_table":1,"minecraft:jungle_boat":2,"minecraft:wooden_pickaxe":1,"minecraft:air":0,"minecraft:jungle_planks":124,"minecraft:string":17,"minecraft:white_wool":4,"minecraft:wooden_hoe":1,"minecraft:charcoal":48,"minecraft:stick":20,"apocalypsenow:cooked_human_flesh":2,"minecraft:iron_ingot":2,"minecraft:stone_sword":1},"minecraft:broken":{"minecraft:wooden_shovel":1,"minecraft:wooden_axe":1},"minecraft:used":{"apocalypsenow:plank":5,"minecraft:stone_sword":112,"farmersdelight:cabbage_seeds":24,"minecraft:chest":3,"farmersdelight:cabbage":2,"vinery:jungle_grapes_red":1,"minecraft:wooden_shovel":62,"minecraft:farmland":23,"minecraft:dirt":71,"laendli_transport:item_airship":2,"apocalypsenow:ironcrate":2,"minecraft:granite":1,"minecraft:milk_bucket":1,"minecraft:wooden_axe":97,"apocalypsenow:macandcheese":2,"apocalypsenow:wooden_fire_axe":119,"minecraft:jungle_log":1,"apocalypsenow:pallet_storage":1,"minecraft:bamboo":2,"apocalypsenow:chocolate_bar":4,"minecraft:furnace":1,"minecraft:beetroot_seeds":32,"farmersdelight:tomato_seeds":1,"minecraft:wheat_seeds":11,"apocalypsenow:cooked_human_flesh":2,"apocalypsenow:redconcretebricks":2,"apocalypsenow:papertrash":1,"minecraft:stone_pickaxe":23,"apocalypsenow:bottle":4,"minecraft:wooden_pickaxe":11,"minecraft:sugar_cane":8,"minecraft:jungle_boat":5,"minecraft:sand":136,"minecraft:crafting_table":1,"minecraft:red_bed":2,"minecraft:smoker":2,"vinery:jungle_grapes_white":4,"waystones:waystone":1,"minecraft:wooden_hoe":56,"minecraft:apple":2,"minecraft:light_gray_concrete":2,"minecraft:melon_slice":23,"supplementaries:flax_seeds":39,"minecraft:wooden_sword":27,"minecraft:cobblestone":16,"minecraft:bucket":1,"alexsmobs:animal_dictionary":1,"minecraft:smooth_stone":3},"minecraft:custom":{"minecraft:mob_kills":59,"minecraft:interact_with_crafting_table":32,"minecraft:leave_game":10,"minecraft:time_since_death":16179,"minecraft:climb_one_cm":21237,"minecraft:sprint_one_cm":142302,"minecraft:walk_one_cm":1073719,"minecraft:drop":76,"minecraft:play_time":268636,"minecraft:deaths":14,"minecraft:sneak_time":3054,"minecraft:walk_under_water_one_cm":85690,"minecraft:boat_one_cm":640724,"minecraft:jump":1528,"minecraft:walk_on_water_one_cm":101247,"minecraft:total_world_time":268636,"minecraft:interact_with_furnace":26,"minecraft:sleep_in_bed":2,"minecraft:time_since_rest":16290,"minecraft:waystone_activated":1,"minecraft:damage_taken":5302,"minecraft:damage_dealt":12562,"minecraft:player_kills":1,"minecraft:swim_one_cm":184268,"minecraft:fly_one_cm":561636,"minecraft:open_chest":77,"minecraft:crouch_one_cm":1150,"minecraft:interact_with_smoker":1,"minecraft:fall_one_cm":19733},"minecraft:killed":{"apocalypsenow:military_01":1,"apocalypsenow:looter_1":6,"apocalypsenow:runner_37":1,"apocalypsenow:runner_39":1,"apocalypsenow:runner_35":4,"laendli_transport:airship":1,"minecraft:phantom":4,"minecraft:skeleton":2,"apocalypsenow:runner_41":1,"apocalypsenow:runner_42":1,"apocalypsenow:runner_46":1,"apocalypsenow:runner_45":2,"born_in_chaos_v1:corpse_fish":5,"apocalypsenow:runner_53":2,"minecraft:drowned":3,"apocalypsenow:runner_34":2,"undead_revamp2:sucker":1,"alexsmobs:flying_fish":1,"laendli_transport:slabcrab":1,"apocalypsenow:runner_40":1,"born_in_chaos_v1:glutton_fish":1,"apocalypsenow:runner_54":2,"laendli_transport:crab":4,"minecraft:zombie":1,"iceandfire:ghost":2,"apocalypsenow:runner_48":1,"apocalypsenow:runner_47":3,"apocalypsenow:runner_51":2},"minecraft:killed_by":{"minecraft:player":3,"born_in_chaos_v1:glutton_fish":1,"apocalypsenow:runner_50":1,"apocalypsenow:looter_1":1,"undead_revamp2:therod":1,"undead_revamp2:bigsucker":1,"apocalypsenow:runner_44":1,"iceandfire:ghost":2},"minecraft:mined":{"minecraft:farmland":1,"iceandfire:silver_ore":1,"minecraft:jungle_leaves":13,"apocalypsenow:pallet_storage":1,"minecraft:granite":14,"minecraft:grass_block":49,"minecraft:jungle_planks":14,"minecraft:jungle_log":32,"farmersdelight:wild_cabbages":11,"minecraft:spore_blossom":1,"farmersdelight:wild_rice":2,"supplementaries:flax":20,"minecraft:bookshelf":64,"minecraft:vine":3,"minecraft:bamboo":13,"minecraft:stone":5,"minecraft:flowering_azalea":1,"minecraft:red_bed":1,"minecraft:smoker":2,"minecraft:melon":5,"supplementaries:wild_flax":13,"farmersdelight:cabbages":14,"minecraft:cobblestone":3,"minecraft:sugar_cane":3,"farmersdelight:wild_beetroots":12,"farmersdelight:sandy_shrub":3,"minecraft:wheat":2,"minecraft:grass":16,"minecraft:coal_ore":8,"minecraft:beetroots":20,"vinery:jungle_grape_bush_white":1,"apocalypsenow:papersvariant_2":1,"minecraft:sand":129,"minecraft:dirt":17,"minecraft:oak_leaves":27,"minecraft:fern":5},"minecraft:dropped":{"minecraft:wheat_seeds":3,"apocalypsenow:red_crowbar":1,"minecraft:jungle_planks":17,"culturaldelights:squid":1,"minecraft:stick":8,"minecraft:dirt":23,"minecraft:melon_slice":17,"minecraft:wooden_sword":3,"minecraft:jungle_sapling":1,"minecraft:sand":16,"undead_revamp2:blacpetalblock":1,"minecraft:white_wool":4,"minecraft:sugar_cane":1,"minecraft:stone_sword":1,"alexsmobs:animal_dictionary":2,"minecraft:cocoa_beans":1,"alexscaves:cave_tablet":1,"apocalypsenow:chocolate_bar":8,"minecraft:rotten_flesh":4,"supplementaries:ash":4,"minecraft:melon_seeds":5,"minecraft:bamboo":6,"apocalypsenow:construction_axe":1,"apocalypsenow:emergency_axe":1,"apocalypsenow:human_flesh":6},"minecraft:picked_up":{"minecraft:wooden_axe":2,"minecraft:charcoal":48,"minecraft:cocoa_beans":1,"minecraft:wheat":2,"vinery:red_grape":1,"minecraft:wooden_pickaxe":1,"alexscaves:cave_tablet":1,"minecraft:brick":39,"minecraft:red_bed":2,"minecraft:raw_copper":20,"minecraft:wooden_sword":3,"minecraft:beetroot":17,"minecraft:smooth_stone":3,"farmersdelight:cabbage":14,"minecraft:jungle_sapling":2,"minecraft:wooden_shovel":1,"minecraft:melon_slice":30,"minecraft:sugar_cane":9,"farmersdelight:cabbage_seeds":44,"minecraft:phantom_membrane":3,"vinery:jungle_grape_seeds_white":8,"minecraft:stick":15,"minecraft:copper_ingot":1,"supplementaries:flax":18,"apocalypsenow:pallet_storage":1,"minecraft:stone_sword":1,"iceandfire:silver_ingot":1,"minecraft:rotten_flesh":26,"minecraft:tropical_fish":3,"minecraft:beetroot_seeds":64,"apocalypsenow:chocolate_bar":12,"born_in_chaos_v1:sea_terror_eye":2,"culturaldelights:squid":2,"supplementaries:ash":8,"minecraft:glow_berries":3,"alexsmobs:flying_fish":3,"minecraft:cobblestone":6,"minecraft:jungle_boat":3,"farmersdelight:rice":2,"minecraft:jungle_log":33,"minecraft:smoker":2,"minecraft:filled_map":1,"supplementaries:flax_seeds":62,"minecraft:wooden_hoe":1,"minecraft:dirt":68,"minecraft:bone":2,"minecraft:apple":2,"undead_revamp2:blacpetalblock":1,"minecraft:wheat_seeds":10,"apocalypsenow:human_flesh":31,"minecraft:spore_blossom":1,"minecraft:iron_ingot":2,"minecraft:stone_pickaxe":3,"apocalypsenow:bottle":1,"minecraft:bamboo":116,"minecraft:oak_planks":1,"minecraft:flowering_azalea":1,"minecraft:book":207,"vinery:jungle_grapes_white":12,"minecraft:sand":146,"minecraft:jungle_planks":28,"apocalypsenow:ironcrate":2,"alexsmobs:animal_dictionary":2,"minecraft:light_gray_concrete":2,"apocalypsenow:papertrash":1,"vinery:jungle_grapes_red":12,"apocalypsenow:redconcretebricks":2,"waystones:waystone":1,"minecraft:granite":14,"minecraft:bone_meal":6,"minecraft:oak_sapling":2,"born_in_chaos_v1:rotten_fish":18,"minecraft:coal":18,"born_in_chaos_v1:sea_terror_stomach":1,"iceandfire:raw_silver":1}},"DataVersion":3465}