{"stats":{"minecraft:crafted":{"minecraft:furnace":1,"minecraft:stone_pickaxe":2,"minecraft:crafting_table":1,"minecraft:wooden_pickaxe":1,"minecraft:air":0,"biomesoplenty:fir_planks":36,"minecraft:stick":20,"apocalypsenow:cooked_human_flesh":2,"minecraft:stone_sword":1,"biomesoplenty:fir_door":3},"minecraft:killed_by":{"undead_revamp2:the_moonflower":1,"hordes:zombie_player":2,"born_in_chaos_v1:corpse_fly":2,"apocalypsenow:horde_2":1,"apocalypsenow:runner_35":1,"minecraft:zombie":1},"minecraft:dropped":{"biomesoplenty:fir_log":3,"apocalypsenow:human_flesh":1,"bakery:chocolate_gateau_slice":1,"jeg:telescopic_sight":1,"aquaculturedelight:baked_pollock_with_carrots":1,"jeg:vertical_grip":1,"mteg:awp":1,"bakery:misslilitu_biscuit":1,"mteg:scar_l":1,"apocalypsenow:medicalkit":1,"farmersdelight:milk_bottle":32,"apocalypsenow:us_army_boots":1,"jeg:grenade":17,"bakery:sandwich":2,"jeg:scrap":13,"mteg:m16_lsw":1,"minecraft:coal":7,"jeg:tactical_stock":1,"minecraft:stick":8,"jeg:shotgun_shell":80,"bakery:pudding":1,"bakery:cornet":1,"minecraft:milk_bucket":4,"jeg:drum_mag":2,"laendli_transport:ammunition_cannoncharge":12,"apocalypsenow:spec_ops_helmet":2,"minecraft:sunflower":2,"apocalypsenow:us_army_chestplate":1,"mteg:m249":4,"mteg:walther_ppk":1,"bakery:croissant":1,"aurorasarsenal:m40a6":1,"jeg:repair_kit":2,"minecraft:anvil":1,"apocalypsenow:contamination_suit_green_helmet":1,"bakery:braided_bread":3,"minecraft:spyglass":1,"aquaculturedelight:rollmops":2,"minecraft:stone_sword":4,"apocalypsenow:police_shield":1,"minecraft:rotten_flesh":1,"aquaculturedelight:turtle_meat_dish":3,"minecraft:enchanted_golden_apple":1,"bakery:chocolate_truffle":1,"jeg:rifle_ammo":1280,"aquaculturedelight:halibut_with_tartar_sauce":1,"mteg:blue_heat":1,"mteg:glock_17":2,"minecraft:carrot":5,"mteg:baker_rifle":1,"jeg:revolver":1,"laendli_transport:ammunition_cannon_2":12,"apocalypsenow:us_army_helmet":1,"bakery:chocolate_gateau":1,"apocalypsenow:fire_axe":1,"minecraft:stone_pickaxe":1,"aquaculturedelight:catfish_barbecue":1,"born_in_chaos_v1:marigolds":1,"aquaculturedelight:buckling":1,"mteg:double_barrel":1,"jeg:pistol_ammo":128,"aquaculturedelight:tuna_spaghetti":1,"apocalypsenow:us_army_leggings":1},"minecraft:killed":{"laendli_transport:plugcannon":1,"born_in_chaos_v1:zombie_clown":1,"hordes:zombie_player":6,"apocalypsenow:looter_1":1,"alexsmobs:seagull":1,"apocalypsenow:runner_39":1,"apocalypsenow:runner_35":1,"born_in_chaos_v1:maggot":11,"minecraft:phantom":2,"apocalypsenow:horde_2":2,"minecraft:skeleton":10,"apocalypsenow:horde_1":1,"iceandfire:fire_dragon":2,"minecraft:bee":2,"apocalypsenow:runner_38":2,"born_in_chaos_v1:baby_skeleton":2,"undead_revamp2:the_moonflower":2,"minecraft:creeper":3,"minecraft:sheep":1,"laendli_transport:crab":2,"minecraft:zombie":4,"apocalypsenow:walker_13":1,"born_in_chaos_v1:corpse_fly":4,"iceandfire:ice_dragon":1,"apocalypsenow:runner_55":1},"minecraft:picked_up":{"minecraft:crafting_table":1,"born_in_chaos_v1:river_mint":1,"minecraft:anvil":1,"minecraft:wooden_pickaxe":1,"biomesoplenty:red_maple_sapling":1,"mteg:baker_rifle":1,"laendli_transport:ammunition_cannon_2":12,"born_in_chaos_v1:intoxicating_decoction":1,"jeg:revolver":1,"biomesoplenty:fir_planks":46,"minecraft:bucket":3,"minecraft:phantom_membrane":1,"iceandfire:ice_dragon_heart":2,"minecraft:stick":7,"bakery:braided_bread":2,"minecraft:copper_ingot":2,"minecraft:bowl":2,"minecraft:torch":8,"minecraft:acacia_log":1,"minecraft:porkchop":1,"born_in_chaos_v1:pieceofdarkmetal":3,"minecraft:carrot":9,"iceandfire:silver_ingot":12,"minecraft:arrow":14,"minecraft:stone_sword":4,"minecraft:rotten_flesh":36,"vinery:white_grape_seeds":2,"jeg:rifle_ammo":256,"farmersdelight:milk_bottle":30,"minecraft:cod":14,"minecraft:white_wool":1,"minecraft:cobblestone":48,"minecraft:nautilus_shell":1,"biomesoplenty:lavender":2,"minecraft:birch_log":2,"born_in_chaos_v1:corpse_maggot":12,"bakery:sandwich":1,"minecraft:feather":3,"minecraft:salmon":2,"biomesoplenty:fir_log":12,"biomesoplenty:fir_sapling":4,"minecraft:oak_log":2,"undead_revamp2:huntereye":2,"jeg:scrap":37,"minecraft:gunpowder":61,"minecraft:dirt":141,"jeg:grenade":1,"minecraft:bone":18,"apocalypsenow:human_flesh":17,"minecraft:wheat_seeds":22,"jeg:shotgun_shell":48,"minecraft:stone_pickaxe":2,"immersive_aircraft:airship":1,"minecraft:glass_bottle":2,"aquaculturedelight:turtle_meat_dish":2,"mteg:glock_17":2,"apocalypsenow:contamination_suit_green_helmet":3,"minecraft:dandelion":2,"mteg:m249":3,"alexsmobs:animal_dictionary":2,"minecraft:spider_eye":1,"minecraft:diamond":3,"minecraft:granite":3,"minecraft:bone_meal":3,"minecraft:bread":1,"alexsmobs:maggot":2,"minecraft:black_wool":1,"minecraft:coal":50,"iceandfire:silver_nugget":4,"mteg:blue_heat":1,"minecraft:sunflower":2},"minecraft:custom":{"minecraft:mob_kills":65,"minecraft:interact_with_anvil":1,"minecraft:interact_with_crafting_table":13,"minecraft:damage_dealt_resisted":40,"minecraft:leave_game":1,"minecraft:time_since_death":147577,"minecraft:sprint_one_cm":68250,"minecraft:walk_one_cm":713069,"minecraft:drop":113,"minecraft:talked_to_villager":1,"minecraft:play_time":204667,"minecraft:deaths":9,"minecraft:sneak_time":2095,"minecraft:walk_under_water_one_cm":5197,"minecraft:jump":791,"minecraft:walk_on_water_one_cm":1901,"minecraft:total_world_time":204667,"minecraft:interact_with_furnace":5,"minecraft:time_since_rest":148386,"minecraft:damage_taken":2509,"minecraft:damage_dealt":2621,"minecraft:swim_one_cm":1221,"minecraft:fly_one_cm":273351,"minecraft:player_kills":1,"minecraft:open_chest":3,"minecraft:crouch_one_cm":1283,"minecraft:interact_with_smoker":1,"minecraft:fall_one_cm":6977},"minecraft:used":{"minecraft:stone_sword":51,"mteg:baker_rifle":5,"mteg:glock_17":191,"immersive_aircraft:airship":1,"undead_revamp2:thesomnolence_spawn_egg":1,"bakery:oat_crate":6,"minecraft:rotten_flesh":2,"minecraft:torch":6,"minecraft:dirt":74,"minecraft:spyglass":10,"minecraft:anvil":1,"minecraft:carrot":9,"minecraft:granite":1,"undead_revamp2:theskeeper_spawn_egg":1,"biomesoplenty:fir_sapling":1,"mteg:m249":1238,"laendli_transport:item_tank_light":1,"minecraft:furnace":1,"apocalypsenow:cooked_human_flesh":2,"undead_revamp2:therod_spawn_egg":1,"undead_revamp2:clogger_spawn_egg":1,"minecraft:stone_pickaxe":87,"undead_revamp2:invisiclogger_spawn_egg":2,"minecraft:wooden_pickaxe":32,"biomesoplenty:fir_planks":4,"minecraft:crafting_table":2,"laendli_transport:item_plugcannon":3,"undead_revamp2:bomber_spawn_egg":1,"mteg:walther_ppk":81,"man_of_many_planes:scarlet_biplane":2,"mteg:m16_lsw":87,"minecraft:cobblestone":31,"biomesoplenty:fir_door":2,"immersive_aircraft:gyrodyne":1,"alexsmobs:animal_dictionary":1,"apocalypsenow:human_flesh":8},"minecraft:mined":{"minecraft:grass_block":7,"biomesoplenty:barley":118,"minecraft:stone":45,"jeg:scrap_ore":6,"biomesoplenty:fir_planks":4,"minecraft:tall_grass":3,"minecraft:cobblestone":4,"biomesoplenty:fir_log":12,"minecraft:grass":23,"minecraft:coal_ore":46,"biomesoplenty:fir_leaves":1,"minecraft:dirt":28}},"DataVersion":3465}