{"stats":{"minecraft:crafted":{"minecraft:brick":48,"minecraft:stone":7,"minecraft:bamboo_block":6,"minecraft:melon_seeds":5,"minecraft:chest":3,"minecraft:stone_hoe":1,"minecraft:bamboo_raft":1,"minecraft:cauldron":1,"minecraft:crafting_table":1,"minecraft:jungle_boat":2,"minecraft:wooden_pickaxe":1,"minecraft:bamboo_planks":12,"minecraft:string":18,"minecraft:wooden_hoe":1,"minecraft:charcoal":48,"minecraft:stick":20,"minecraft:iron_ingot":3,"minecraft:stone_sword":1,"minecraft:wooden_sword":3,"jeg:gunmetal_grit":81,"minecraft:furnace":1,"minecraft:stone_pickaxe":1,"minecraft:cooked_cod":2,"iceandfire:silver_ingot":1,"minecraft:air":0,"minecraft:jungle_planks":124,"minecraft:white_wool":4,"apocalypsenow:cooked_human_flesh":2,"jeg:gunmetal_nugget":51,"minecraft:stonecutter":1},"minecraft:broken":{"minecraft:wooden_shovel":1,"apocalypsenow:us_army_helmet":1,"minecraft:stone_pickaxe":1,"minecraft:wooden_axe":1,"apocalypsenow:sledgehammerr":1,"apocalypsenow:wooden_fire_axe":1},"minecraft:used":{"minecraft:beetroot":1,"minecraft:moss_block":1,"farmersdelight:cabbage_seeds":24,"minecraft:chest":3,"farmersdelight:cabbage":2,"vinery:white_grape":2,"minecraft:farmland":23,"minecraft:rotten_flesh":5,"minecraft:milk_bucket":1,"apocalypsenow:macandcheese":2,"alexsmobs:lobster_tail":1,"apocalypsenow:sledgehammerr":96,"apocalypsenow:construction_axe":29,"apocalypsenow:chocolate_bar":5,"minecraft:furnace":1,"minecraft:cooked_cod":2,"minecraft:beetroot_seeds":44,"apocalypsenow:cooked_human_flesh":2,"apocalypsenow:redconcretebricks":2,"minecraft:stone_pickaxe":230,"minecraft:wooden_pickaxe":11,"minecraft:sugar_cane":8,"minecraft:jungle_boat":5,"minecraft:sand":145,"jeg:recycler":1,"waystones:waystone":2,"minecraft:light_gray_concrete":2,"minecraft:melon_slice":23,"minecraft:gravel":2,"supplementaries:flax_seeds":39,"minecraft:wooden_sword":27,"minecraft:andesite":3,"apocalypsenow:cereal":1,"apocalypsenow:plank":13,"minecraft:stone_sword":149,"vinery:jungle_grapes_red":1,"minecraft:wooden_shovel":62,"minecraft:stone_hoe":21,"minecraft:torch":2,"minecraft:dirt":77,"laendli_transport:item_airship":2,"apocalypsenow:ironcrate":2,"minecraft:granite":1,"minecraft:wooden_axe":97,"minecraft:bamboo_raft":3,"apocalypsenow:wooden_fire_axe":165,"minecraft:jungle_log":1,"apocalypsenow:pallet_storage":1,"minecraft:bamboo":2,"farmersdelight:tomato_seeds":1,"vinery:red_grape":14,"minecraft:wheat_seeds":20,"apocalypsenow:papertrash":1,"apocalypsenow:bottle":9,"minecraft:crafting_table":1,"minecraft:red_bed":2,"bakery:strawberry":4,"minecraft:smoker":2,"vinery:jungle_grapes_white":5,"minecraft:wooden_hoe":56,"minecraft:apple":2,"minecraft:cobblestone":34,"minecraft:bucket":1,"alexsmobs:animal_dictionary":1,"minecraft:smooth_stone":3},"minecraft:custom":{"minecraft:interact_with_crafting_table":48,"minecraft:bell_ring":33,"minecraft:leave_game":12,"minecraft:time_since_death":21666,"minecraft:sprint_one_cm":181899,"minecraft:drop":96,"minecraft:play_time":429148,"minecraft:deaths":19,"minecraft:jump":2251,"minecraft:walk_on_water_one_cm":162980,"minecraft:interact_with_furnace":51,"minecraft:sleep_in_bed":4,"minecraft:waystone_activated":2,"minecraft:damage_dealt":19215,"minecraft:player_kills":2,"minecraft:crouch_one_cm":2629,"minecraft:interact_with_smoker":9,"minecraft:mob_kills":93,"minecraft:climb_one_cm":22936,"minecraft:walk_one_cm":1557298,"minecraft:sneak_time":5015,"minecraft:walk_under_water_one_cm":203548,"minecraft:boat_one_cm":1101968,"minecraft:total_world_time":429148,"minecraft:time_since_rest":21703,"minecraft:damage_taken":7596,"minecraft:swim_one_cm":230965,"minecraft:fly_one_cm":571303,"minecraft:open_chest":160,"minecraft:fall_one_cm":24612},"minecraft:killed_by":{"born_in_chaos_v1:glutton_fish":1,"minecraft:drowned":2,"undead_revamp2:bigsucker":1,"apocalypsenow:runner_44":1,"minecraft:player":5,"apocalypsenow:runner_50":1,"apocalypsenow:looter_1":1,"born_in_chaos_v1:decrepit_skeleton":1,"undead_revamp2:therod":1,"iceandfire:ghost":2},"minecraft:killed":{"alexsmobs:lobster":2,"apocalypsenow:soldiers_02":1,"undead_revamp2:theswarmer":1,"minecraft:skeleton":2,"apocalypsenow:runner_41":1,"apocalypsenow:runner_42":1,"apocalypsenow:runner_46":1,"apocalypsenow:runner_45":3,"born_in_chaos_v1:glutton_fish":1,"apocalypsenow:runner_54":2,"hordes:drowned_player":1,"laendli_transport:crab":6,"minecraft:zombie":3,"apocalypsenow:runner_43":1,"hordes:zombie_player":3,"apocalypsenow:military_01":2,"apocalypsenow:looter_1":7,"apocalypsenow:runner_37":1,"apocalypsenow:runner_39":1,"apocalypsenow:runner_35":4,"born_in_chaos_v1:maggot":3,"laendli_transport:airship":1,"minecraft:phantom":4,"apocalypsenow:runner_53":3,"born_in_chaos_v1:corpse_fish":5,"minecraft:drowned":12,"undead_revamp2:sucker":1,"apocalypsenow:runner_34":2,"alexsmobs:flying_fish":1,"laendli_transport:slabcrab":1,"apocalypsenow:runner_40":1,"undead_revamp2:the_moonflower":3,"iceandfire:ghost":3,"apocalypsenow:runner_48":2,"apocalypsenow:runner_47":3,"apocalypsenow:runner_51":2},"minecraft:mined":{"minecraft:farmland":6,"minecraft:jungle_leaves":13,"apocalypsenow:pallet_storage":1,"minecraft:granite":30,"minecraft:grass_block":49,"minecraft:jungle_log":32,"farmersdelight:wild_rice":2,"minecraft:iron_ore":1,"minecraft:pumpkin":14,"minecraft:red_bed":1,"minecraft:smoker":2,"minecraft:torch":1,"vinery:red_grape_bush":1,"minecraft:melon":7,"supplementaries:wild_flax":20,"farmersdelight:cabbages":14,"minecraft:cobblestone":5,"minecraft:sugar_cane":20,"minecraft:wall_torch":1,"farmersdelight:sandy_shrub":3,"minecraft:wheat":2,"minecraft:grass":25,"minecraft:beetroots":22,"minecraft:sand":144,"minecraft:dirt":18,"minecraft:oak_leaves":27,"iceandfire:silver_ore":1,"farmersdelight:wild_carrots":16,"minecraft:jungle_planks":15,"farmersdelight:wild_cabbages":11,"minecraft:moss_block":4,"culturaldelights:wild_eggplants":7,"minecraft:spore_blossom":1,"supplementaries:flax":20,"minecraft:andesite":68,"minecraft:bookshelf":64,"minecraft:vine":3,"minecraft:bamboo":13,"minecraft:stone":86,"minecraft:flowering_azalea":1,"jeg:scrap_ore":1,"bakery:wild_strawberries":13,"minecraft:copper_ore":1,"minecraft:diorite":6,"supplementaries:urn":1,"farmersdelight:wild_beetroots":12,"minecraft:coal_ore":19,"vinery:jungle_grape_bush_white":1,"minecraft:gravel":15,"apocalypsenow:papersvariant_2":1,"minecraft:fern":5,"undead_revamp2:arapholia":3},"minecraft:dropped":{"apocalypsenow:red_crowbar":1,"minecraft:leather":12,"minecraft:jungle_planks":17,"minecraft:cod":2,"minecraft:dirt":23,"minecraft:jungle_sapling":1,"minecraft:wooden_sword":4,"minecraft:bone_meal":1,"minecraft:sand":16,"undead_revamp2:blacpetalblock":1,"minecraft:white_wool":4,"minecraft:gravel":10,"minecraft:sugar_cane":1,"alexsmobs:animal_dictionary":2,"alexscaves:cave_tablet":1,"apocalypsenow:chocolate_bar":8,"minecraft:rotten_flesh":4,"apocalypsenow:black_football_armor_chestplate":1,"apocalypsenow:bloodybandages":1,"supplementaries:ash":4,"minecraft:melon_seeds":5,"born_in_chaos_v1:corpse_maggot":1,"apocalypsenow:cooked_human_flesh":31,"apocalypsenow:human_flesh":6,"minecraft:iron_ingot":7,"minecraft:wheat_seeds":3,"culturaldelights:squid":1,"minecraft:coal":64,"minecraft:stick":8,"minecraft:melon_slice":17,"minecraft:bucket":1,"minecraft:stone_sword":1,"minecraft:cocoa_beans":1,"apocalypsenow:bottle":1,"apocalypsenow:sledgehammerr":2,"minecraft:andesite":64,"minecraft:bamboo":6,"apocalypsenow:construction_axe":3,"minecraft:bow":1,"minecraft:stone_pickaxe":1,"apocalypsenow:emergency_axe":1},"minecraft:picked_up":{"minecraft:wooden_axe":2,"apocalypsenow:us_army_helmet":1,"apocalypsenow:advanced_hazmat_suit_leggings":1,"vinery:red_grape":36,"minecraft:wheat":2,"apocalypsenow:yellow_football_armor_chestplate":1,"alexscaves:cave_tablet":1,"vinery:red_grape_seeds":4,"bakery:strawberry_seeds":8,"minecraft:string":8,"minecraft:raw_copper":24,"jeg:recycler":1,"minecraft:beetroot":19,"minecraft:smooth_stone":3,"farmersdelight:cabbage":14,"minecraft:wooden_shovel":1,"minecraft:melon_slice":38,"farmersdelight:cabbage_seeds":44,"vinery:jungle_grape_seeds_white":8,"minecraft:stick":15,"jeg:gunmetal_ingot":4,"minecraft:torch":2,"apocalypsenow:plank":4,"apocalypsenow:soviet_ushanka_helmet":1,"minecraft:dried_kelp":4,"minecraft:diorite":12,"supplementaries:flax":18,"minecraft:stone_sword":2,"minecraft:rotten_flesh":221,"minecraft:tropical_fish":3,"born_in_chaos_v1:sea_terror_eye":10,"supplementaries:ash":8,"alexsmobs:flying_fish":7,"undead_revamp2:arapholia":15,"minecraft:cod":4,"alexsmobs:lobster_tail":1,"minecraft:cobblestone":120,"farmersdelight:rice":2,"minecraft:jungle_log":33,"minecraft:andesite":304,"minecraft:smoker":2,"minecraft:flint":4,"culturaldelights:eggplant_seeds":21,"supplementaries:flax_seeds":74,"jeg:scrap":72,"minecraft:dirt":77,"minecraft:bone":2,"undead_revamp2:blacpetalblock":1,"apocalypsenow:human_flesh":33,"minecraft:wheat_seeds":11,"minecraft:bamboo":116,"minecraft:moss_block":5,"minecraft:oak_planks":1,"minecraft:jungle_planks":29,"minecraft:sand":155,"vinery:white_grape":2,"minecraft:bamboo_raft":2,"apocalypsenow:ironcrate":2,"alexsmobs:animal_dictionary":2,"minecraft:light_gray_concrete":2,"vinery:jungle_grapes_red":12,"jeg:gunmetal_grit":1,"apocalypsenow:redconcretebricks":2,"waystones:waystone":2,"minecraft:granite":44,"minecraft:bone_meal":10,"born_in_chaos_v1:rotten_fish":20,"minecraft:oak_sapling":2,"born_in_chaos_v1:sea_terror_stomach":1,"iceandfire:raw_silver":1,"minecraft:cocoa_beans":1,"minecraft:charcoal":48,"apocalypsenow:level_a_hazmatsuit_chestplate":1,"minecraft:wooden_pickaxe":1,"minecraft:brick":39,"minecraft:red_bed":2,"minecraft:wooden_sword":3,"minecraft:jungle_sapling":2,"apocalypsenow:desertghillie_helmet":1,"minecraft:sugar_cane":44,"minecraft:phantom_membrane":3,"minecraft:raw_iron":1,"minecraft:stone":16,"minecraft:copper_ingot":8,"sophisticatedbackpacks:backpack":1,"minecraft:carrot":32,"apocalypsenow:black_football_armor_chestplate":3,"apocalypsenow:pallet_storage":1,"iceandfire:silver_ingot":1,"apocalypsenow:sledgehammerr":2,"jeg:circuit_board":2,"apocalypsenow:level_a_hazmatsuit_helmet":1,"minecraft:beetroot_seeds":68,"apocalypsenow:chocolate_bar":12,"apocalypsenow:construction_axe":3,"vinery:white_grape_seeds":1,"culturaldelights:squid":4,"minecraft:glow_berries":3,"apocalypsenow:fire_figther_chestplate":1,"born_in_chaos_v1:corpse_maggot":3,"minecraft:jungle_boat":3,"minecraft:filled_map":4,"minecraft:wooden_hoe":1,"apocalypsenow:cooked_human_flesh":31,"minecraft:apple":2,"minecraft:spore_blossom":4,"minecraft:iron_ingot":3,"minecraft:stone_pickaxe":6,"apocalypsenow:bottle":1,"apocalypsenow:army_leggings":1,"culturaldelights:white_eggplant":2,"minecraft:flowering_azalea":2,"jeg:tech_trash":19,"minecraft:book":207,"bakery:strawberry":19,"minecraft:bamboo_planks":28,"minecraft:pumpkin":26,"vinery:jungle_grapes_white":12,"minecraft:gravel":12,"apocalypsenow:papertrash":1,"apocalypsenow:yellow_football_armor_leggings":1,"jeg:ectoplasm":15,"minecraft:melon_seeds":3,"minecraft:coal":353}},"DataVersion":3465}