{"stats":{"minecraft:killed_by":{"undead_revamp2:the_moonflower":1,"minecraft:zombie":1,"hordes:zombie_player":2,"born_in_chaos_v1:corpse_fly":2,"apocalypsenow:horde_2":1,"apocalypsenow:runner_35":1},"minecraft:crafted":{"minecraft:crafting_table":1,"minecraft:wooden_pickaxe":1,"minecraft:furnace":1,"minecraft:air":0,"biomesoplenty:fir_planks":36,"minecraft:stick":20,"apocalypsenow:cooked_human_flesh":2,"minecraft:stone_pickaxe":2,"minecraft:stone_sword":1,"biomesoplenty:fir_door":3},"minecraft:dropped":{"biomesoplenty:fir_log":3,"apocalypsenow:human_flesh":1,"bakery:chocolate_gateau_slice":1,"jeg:telescopic_sight":1,"minecraft:anvil":1,"jeg:repair_kit":2,"bakery:braided_bread":3,"apocalypsenow:contamination_suit_green_helmet":1,"aquaculturedelight:rollmops":2,"minecraft:stone_sword":4,"jeg:vertical_grip":1,"apocalypsenow:police_shield":1,"mteg:awp":1,"minecraft:rotten_flesh":1,"minecraft:enchanted_golden_apple":1,"mteg:scar_l":1,"apocalypsenow:medicalkit":1,"apocalypsenow:us_army_boots":1,"aquaculturedelight:halibut_with_tartar_sauce":1,"bakery:sandwich":2,"mteg:blue_heat":1,"jeg:rifle_ammo":768,"jeg:scrap":13,"mteg:glock_17":2,"minecraft:carrot":5,"minecraft:coal":7,"jeg:tactical_stock":1,"minecraft:stick":8,"mteg:baker_rifle":1,"jeg:shotgun_shell":64,"jeg:revolver":1,"bakery:cornet":1,"apocalypsenow:us_army_helmet":1,"minecraft:milk_bucket":2,"jeg:drum_mag":1,"apocalypsenow:spec_ops_helmet":2,"bakery:chocolate_gateau":1,"apocalypsenow:fire_axe":1,"apocalypsenow:us_army_chestplate":1,"minecraft:stone_pickaxe":1,"aquaculturedelight:buckling":1,"mteg:m249":2,"jeg:pistol_ammo":128,"mteg:double_barrel":1,"mteg:walther_ppk":1,"aquaculturedelight:tuna_spaghetti":1,"aurorasarsenal:m40a6":1,"bakery:croissant":1,"apocalypsenow:us_army_leggings":1},"minecraft:killed":{"hordes:zombie_player":6,"born_in_chaos_v1:baby_skeleton":1,"apocalypsenow:looter_1":1,"alexsmobs:seagull":1,"apocalypsenow:runner_35":1,"minecraft:creeper":2,"born_in_chaos_v1:maggot":6,"apocalypsenow:horde_2":1,"minecraft:skeleton":1,"laendli_transport:crab":2,"minecraft:zombie":1,"minecraft:bee":1,"apocalypsenow:walker_13":1,"born_in_chaos_v1:corpse_fly":1,"iceandfire:ice_dragon":1,"apocalypsenow:runner_38":1},"minecraft:picked_up":{"bakery:sandwich":1,"born_in_chaos_v1:corpse_maggot":9,"minecraft:crafting_table":1,"minecraft:feather":2,"minecraft:anvil":1,"minecraft:wooden_pickaxe":1,"biomesoplenty:fir_sapling":4,"biomesoplenty:fir_log":12,"mteg:baker_rifle":1,"minecraft:oak_log":2,"jeg:scrap":37,"minecraft:gunpowder":3,"minecraft:dirt":76,"minecraft:bone":11,"jeg:revolver":1,"minecraft:wheat_seeds":7,"apocalypsenow:human_flesh":17,"biomesoplenty:fir_planks":46,"minecraft:stone_pickaxe":2,"mteg:glock_17":2,"minecraft:stick":5,"bakery:braided_bread":2,"apocalypsenow:contamination_suit_green_helmet":3,"minecraft:torch":8,"born_in_chaos_v1:pieceofdarkmetal":3,"minecraft:carrot":9,"minecraft:spider_eye":1,"alexsmobs:animal_dictionary":2,"minecraft:stone_sword":4,"minecraft:arrow":8,"minecraft:rotten_flesh":15,"vinery:white_grape_seeds":2,"minecraft:granite":3,"minecraft:bread":1,"alexsmobs:maggot":2,"mteg:blue_heat":1,"minecraft:cod":4,"iceandfire:silver_nugget":4,"minecraft:coal":49,"minecraft:cobblestone":48},"minecraft:used":{"apocalypsenow:cooked_human_flesh":2,"minecraft:stone_sword":51,"mteg:baker_rifle":5,"mteg:glock_17":48,"minecraft:stone_pickaxe":87,"bakery:oat_crate":6,"minecraft:wooden_pickaxe":32,"biomesoplenty:fir_planks":4,"minecraft:rotten_flesh":2,"minecraft:torch":6,"minecraft:dirt":74,"minecraft:anvil":1,"minecraft:crafting_table":2,"minecraft:carrot":9,"minecraft:granite":1,"mteg:walther_ppk":81,"man_of_many_planes:scarlet_biplane":1,"biomesoplenty:fir_sapling":1,"mteg:m249":450,"mteg:m16_lsw":2,"minecraft:cobblestone":31,"biomesoplenty:fir_door":2,"minecraft:furnace":1,"alexsmobs:animal_dictionary":1,"apocalypsenow:human_flesh":8},"minecraft:custom":{"minecraft:interact_with_furnace":5,"minecraft:interact_with_anvil":1,"minecraft:mob_kills":28,"minecraft:interact_with_crafting_table":13,"minecraft:damage_dealt_resisted":40,"minecraft:leave_game":1,"minecraft:time_since_death":75577,"minecraft:time_since_rest":76386,"minecraft:sprint_one_cm":59470,"minecraft:damage_taken":2509,"minecraft:walk_one_cm":569419,"minecraft:drop":81,"minecraft:damage_dealt":2604,"minecraft:swim_one_cm":1221,"minecraft:talked_to_villager":1,"minecraft:player_kills":1,"minecraft:fly_one_cm":71000,"minecraft:open_chest":1,"minecraft:crouch_one_cm":569,"minecraft:play_time":132667,"minecraft:deaths":9,"minecraft:sneak_time":506,"minecraft:walk_under_water_one_cm":5118,"minecraft:jump":639,"minecraft:walk_on_water_one_cm":1776,"minecraft:total_world_time":132667,"minecraft:fall_one_cm":6977},"minecraft:mined":{"jeg:scrap_ore":6,"minecraft:grass_block":7,"biomesoplenty:fir_planks":4,"minecraft:cobblestone":4,"minecraft:tall_grass":3,"biomesoplenty:fir_log":12,"minecraft:grass":23,"minecraft:coal_ore":46,"biomesoplenty:fir_leaves":1,"minecraft:dirt":28,"biomesoplenty:barley":118,"minecraft:stone":45}},"DataVersion":3465}