{"stats":{"minecraft:killed_by":{"undead_revamp2:the_moonflower":1,"minecraft:zombie":1,"hordes:zombie_player":2,"born_in_chaos_v1:corpse_fly":2,"apocalypsenow:horde_2":1,"apocalypsenow:runner_35":1},"minecraft:crafted":{"minecraft:crafting_table":1,"minecraft:wooden_pickaxe":1,"minecraft:furnace":1,"minecraft:air":0,"biomesoplenty:fir_planks":36,"minecraft:stick":20,"apocalypsenow:cooked_human_flesh":2,"minecraft:stone_pickaxe":2,"minecraft:stone_sword":1,"biomesoplenty:fir_door":3},"minecraft:dropped":{"biomesoplenty:fir_log":3,"apocalypsenow:human_flesh":1,"jeg:telescopic_sight":1,"apocalypsenow:contamination_suit_green_helmet":1,"minecraft:stone_sword":4,"jeg:vertical_grip":1,"mteg:awp":1,"minecraft:rotten_flesh":1,"mteg:scar_l":1,"jeg:rifle_ammo":128,"jeg:scrap":13,"minecraft:carrot":5,"minecraft:coal":7,"jeg:tactical_stock":1,"minecraft:stick":8,"jeg:shotgun_shell":16,"jeg:drum_mag":1,"apocalypsenow:spec_ops_helmet":1,"minecraft:stone_pickaxe":1,"jeg:pistol_ammo":64,"mteg:double_barrel":1},"minecraft:killed":{"hordes:zombie_player":6,"apocalypsenow:runner_35":1,"born_in_chaos_v1:maggot":3,"apocalypsenow:horde_2":1,"minecraft:skeleton":1,"minecraft:zombie":1,"apocalypsenow:walker_13":1,"born_in_chaos_v1:corpse_fly":1,"apocalypsenow:runner_38":1},"minecraft:picked_up":{"born_in_chaos_v1:corpse_maggot":7,"minecraft:crafting_table":1,"minecraft:wooden_pickaxe":1,"biomesoplenty:fir_sapling":4,"biomesoplenty:fir_log":12,"jeg:scrap":37,"minecraft:dirt":76,"minecraft:bone":6,"minecraft:wheat_seeds":7,"apocalypsenow:human_flesh":17,"biomesoplenty:fir_planks":46,"minecraft:stone_pickaxe":2,"minecraft:stick":5,"apocalypsenow:contamination_suit_green_helmet":3,"minecraft:torch":8,"minecraft:carrot":9,"alexsmobs:animal_dictionary":2,"minecraft:stone_sword":4,"minecraft:arrow":6,"minecraft:rotten_flesh":15,"vinery:white_grape_seeds":2,"minecraft:granite":3,"alexsmobs:maggot":2,"minecraft:coal":49,"minecraft:cobblestone":48},"minecraft:used":{"apocalypsenow:cooked_human_flesh":2,"minecraft:stone_sword":49,"minecraft:stone_pickaxe":87,"minecraft:wooden_pickaxe":32,"biomesoplenty:fir_planks":4,"minecraft:rotten_flesh":2,"minecraft:torch":6,"minecraft:dirt":74,"minecraft:crafting_table":2,"minecraft:carrot":9,"minecraft:granite":1,"biomesoplenty:fir_sapling":1,"mteg:m249":27,"minecraft:cobblestone":31,"biomesoplenty:fir_door":2,"minecraft:furnace":1,"alexsmobs:animal_dictionary":1,"apocalypsenow:human_flesh":8},"minecraft:custom":{"minecraft:interact_with_furnace":5,"minecraft:mob_kills":16,"minecraft:interact_with_crafting_table":13,"minecraft:leave_game":1,"minecraft:time_since_death":15577,"minecraft:time_since_rest":16386,"minecraft:sprint_one_cm":42037,"minecraft:damage_taken":2509,"minecraft:walk_one_cm":294746,"minecraft:drop":30,"minecraft:damage_dealt":2524,"minecraft:player_kills":1,"minecraft:fly_one_cm":16229,"minecraft:crouch_one_cm":327,"minecraft:play_time":72667,"minecraft:deaths":9,"minecraft:sneak_time":149,"minecraft:jump":483,"minecraft:walk_on_water_one_cm":442,"minecraft:total_world_time":72667,"minecraft:fall_one_cm":6977},"minecraft:mined":{"jeg:scrap_ore":6,"minecraft:grass_block":7,"biomesoplenty:fir_planks":4,"minecraft:cobblestone":4,"minecraft:tall_grass":3,"biomesoplenty:fir_log":12,"minecraft:grass":23,"minecraft:coal_ore":46,"biomesoplenty:fir_leaves":1,"minecraft:dirt":28,"biomesoplenty:barley":118,"minecraft:stone":45}},"DataVersion":3465}