{"stats":{"minecraft:used":{"apocalypsenow:cooked_human_flesh":1,"minecraft:stone_sword":57,"minecraft:stone_pickaxe":1,"farmersdelight:cabbage_seeds":12,"minecraft:chest":2,"minecraft:wooden_pickaxe":11,"farmersdelight:cabbage":1,"minecraft:wooden_shovel":62,"minecraft:sugar_cane":8,"minecraft:jungle_boat":1,"minecraft:sand":121,"minecraft:dirt":49,"minecraft:crafting_table":1,"minecraft:milk_bucket":1,"minecraft:wooden_axe":47,"minecraft:wooden_hoe":48,"apocalypsenow:macandcheese":1,"minecraft:apple":1,"apocalypsenow:wooden_fire_axe":2,"minecraft:melon_slice":6,"apocalypsenow:pallet_storage":1,"supplementaries:flax_seeds":21,"minecraft:bamboo":2,"minecraft:wooden_sword":27,"minecraft:furnace":1,"minecraft:bucket":1,"alexsmobs:animal_dictionary":1},"minecraft:mined":{"minecraft:flowering_azalea":1,"minecraft:farmland":1,"iceandfire:silver_ore":1,"minecraft:jungle_leaves":13,"apocalypsenow:pallet_storage":1,"minecraft:grass_block":25,"minecraft:melon":5,"minecraft:jungle_planks":14,"minecraft:jungle_log":29,"supplementaries:wild_flax":8,"farmersdelight:cabbages":1,"farmersdelight:wild_cabbages":11,"minecraft:sugar_cane":3,"minecraft:spore_blossom":1,"farmersdelight:wild_beetroots":1,"farmersdelight:sandy_shrub":2,"farmersdelight:wild_rice":2,"supplementaries:flax":12,"minecraft:grass":11,"minecraft:coal_ore":8,"minecraft:vine":2,"vinery:jungle_grape_bush_white":1,"minecraft:sand":120,"minecraft:dirt":14,"minecraft:bamboo":6,"minecraft:stone":3,"minecraft:oak_leaves":17,"minecraft:fern":4},"minecraft:killed":{"apocalypsenow:looter_1":1,"apocalypsenow:runner_54":1,"apocalypsenow:runner_35":3,"minecraft:skeleton":1,"minecraft:zombie":1,"apocalypsenow:runner_45":2,"minecraft:drowned":1,"apocalypsenow:runner_41":1,"apocalypsenow:runner_42":1,"apocalypsenow:runner_46":1,"apocalypsenow:runner_47":1,"born_in_chaos_v1:corpse_fish":2,"undead_revamp2:sucker":1,"apocalypsenow:runner_34":1,"alexsmobs:flying_fish":1},"minecraft:crafted":{"minecraft:wooden_sword":3,"iceandfire:silver_ingot":1,"minecraft:crafting_table":1,"minecraft:jungle_boat":1,"minecraft:wooden_pickaxe":1,"minecraft:furnace":1,"minecraft:air":0,"minecraft:jungle_planks":124,"minecraft:bamboo_block":4,"minecraft:white_wool":1,"minecraft:string":4,"minecraft:wooden_hoe":1,"minecraft:charcoal":48,"minecraft:melon_seeds":5,"minecraft:stick":20,"apocalypsenow:cooked_human_flesh":1,"minecraft:iron_ingot":2,"minecraft:stone_pickaxe":1,"minecraft:stone_sword":1,"minecraft:chest":2},"minecraft:broken":{"minecraft:wooden_shovel":1},"minecraft:killed_by":{"minecraft:player":3,"undead_revamp2:therod":1,"apocalypsenow:runner_44":1,"apocalypsenow:looter_1":1},"minecraft:picked_up":{"minecraft:wooden_axe":2,"minecraft:charcoal":48,"minecraft:cocoa_beans":1,"farmersdelight:rice":2,"minecraft:jungle_log":31,"minecraft:wooden_pickaxe":1,"supplementaries:flax_seeds":35,"minecraft:wooden_hoe":1,"minecraft:dirt":44,"minecraft:wooden_sword":3,"minecraft:bone":2,"minecraft:apple":1,"minecraft:wheat_seeds":3,"apocalypsenow:human_flesh":9,"farmersdelight:cabbage":1,"minecraft:spore_blossom":1,"minecraft:stone_pickaxe":2,"minecraft:jungle_sapling":2,"minecraft:wooden_shovel":1,"minecraft:bamboo":60,"minecraft:melon_slice":28,"minecraft:sugar_cane":8,"minecraft:flowering_azalea":1,"minecraft:oak_planks":1,"farmersdelight:cabbage_seeds":12,"vinery:jungle_grape_seeds_white":8,"minecraft:stick":14,"vinery:jungle_grapes_white":8,"minecraft:sand":137,"minecraft:jungle_planks":28,"apocalypsenow:pallet_storage":1,"supplementaries:flax":9,"alexsmobs:animal_dictionary":2,"minecraft:rotten_flesh":12,"minecraft:stone_sword":1,"vinery:jungle_grapes_red":4,"minecraft:tropical_fish":2,"minecraft:beetroot_seeds":1,"culturaldelights:squid":2,"minecraft:bone_meal":4,"supplementaries:ash":8,"born_in_chaos_v1:rotten_fish":2,"minecraft:oak_sapling":1,"minecraft:glow_berries":3,"iceandfire:raw_silver":1,"minecraft:coal":18,"alexsmobs:flying_fish":2,"minecraft:cobblestone":3},"minecraft:dropped":{"apocalypsenow:human_flesh":5,"minecraft:wheat_seeds":3,"alexsmobs:animal_dictionary":2,"minecraft:cocoa_beans":1,"minecraft:rotten_flesh":3,"apocalypsenow:red_crowbar":1,"minecraft:jungle_planks":11,"culturaldelights:squid":1,"minecraft:stick":8,"supplementaries:ash":4,"minecraft:dirt":23,"minecraft:melon_seeds":5,"minecraft:wooden_sword":3,"minecraft:melon_slice":17,"minecraft:jungle_sapling":1,"minecraft:bamboo":6,"apocalypsenow:construction_axe":1,"minecraft:sand":16},"minecraft:custom":{"minecraft:interact_with_furnace":15,"minecraft:mob_kills":19,"minecraft:interact_with_crafting_table":22,"minecraft:leave_game":2,"minecraft:time_since_death":8885,"minecraft:climb_one_cm":14042,"minecraft:time_since_rest":8932,"minecraft:sprint_one_cm":63260,"minecraft:damage_taken":2395,"minecraft:walk_one_cm":575078,"minecraft:drop":65,"minecraft:damage_dealt":3754,"minecraft:fly_one_cm":26951,"minecraft:swim_one_cm":109997,"minecraft:open_chest":24,"minecraft:crouch_one_cm":469,"minecraft:play_time":132021,"minecraft:deaths":8,"minecraft:sneak_time":706,"minecraft:walk_under_water_one_cm":38651,"minecraft:boat_one_cm":293962,"minecraft:jump":877,"minecraft:walk_on_water_one_cm":50334,"minecraft:total_world_time":132021,"minecraft:fall_one_cm":12270}},"DataVersion":3465}