{"stats":{"minecraft:crafted":{"minecraft:brick":48,"minecraft:wooden_sword":3,"jeg:gunmetal_grit":30,"minecraft:furnace":1,"minecraft:stone":7,"minecraft:bamboo_block":6,"minecraft:melon_seeds":5,"minecraft:stone_pickaxe":1,"minecraft:chest":3,"minecraft:stone_hoe":1,"minecraft:bamboo_raft":1,"minecraft:cooked_cod":2,"minecraft:cauldron":1,"iceandfire:silver_ingot":1,"minecraft:crafting_table":1,"minecraft:jungle_boat":2,"minecraft:wooden_pickaxe":1,"minecraft:air":0,"minecraft:jungle_planks":124,"minecraft:bamboo_planks":12,"minecraft:string":18,"minecraft:white_wool":4,"minecraft:wooden_hoe":1,"minecraft:charcoal":48,"minecraft:stick":20,"apocalypsenow:cooked_human_flesh":2,"minecraft:iron_ingot":3,"minecraft:stone_sword":1,"minecraft:stonecutter":1},"minecraft:broken":{"minecraft:wooden_shovel":1,"apocalypsenow:us_army_helmet":1,"minecraft:stone_pickaxe":1,"apocalypsenow:sledgehammerr":1,"apocalypsenow:wooden_fire_axe":1,"minecraft:wooden_axe":1},"minecraft:used":{"minecraft:moss_block":1,"apocalypsenow:plank":13,"minecraft:stone_sword":149,"farmersdelight:cabbage_seeds":24,"minecraft:chest":3,"farmersdelight:cabbage":2,"vinery:jungle_grapes_red":1,"minecraft:wooden_shovel":62,"vinery:white_grape":2,"minecraft:farmland":23,"minecraft:stone_hoe":21,"minecraft:rotten_flesh":5,"minecraft:torch":2,"minecraft:dirt":72,"laendli_transport:item_airship":2,"apocalypsenow:ironcrate":2,"minecraft:granite":1,"minecraft:milk_bucket":1,"minecraft:wooden_axe":97,"minecraft:bamboo_raft":3,"apocalypsenow:macandcheese":2,"apocalypsenow:wooden_fire_axe":165,"alexsmobs:lobster_tail":1,"apocalypsenow:sledgehammerr":96,"minecraft:jungle_log":1,"apocalypsenow:construction_axe":12,"apocalypsenow:pallet_storage":1,"minecraft:bamboo":2,"apocalypsenow:chocolate_bar":5,"minecraft:cooked_cod":2,"minecraft:furnace":1,"minecraft:beetroot_seeds":44,"farmersdelight:tomato_seeds":1,"vinery:red_grape":14,"minecraft:wheat_seeds":20,"apocalypsenow:cooked_human_flesh":2,"apocalypsenow:redconcretebricks":2,"apocalypsenow:papertrash":1,"minecraft:stone_pickaxe":230,"apocalypsenow:bottle":9,"minecraft:wooden_pickaxe":11,"minecraft:sugar_cane":8,"minecraft:jungle_boat":5,"minecraft:sand":145,"minecraft:crafting_table":1,"minecraft:red_bed":2,"bakery:strawberry":4,"minecraft:smoker":2,"jeg:recycler":1,"vinery:jungle_grapes_white":5,"waystones:waystone":1,"minecraft:wooden_hoe":56,"minecraft:apple":2,"minecraft:light_gray_concrete":2,"minecraft:melon_slice":23,"minecraft:gravel":2,"supplementaries:flax_seeds":39,"minecraft:wooden_sword":27,"minecraft:cobblestone":34,"minecraft:bucket":1,"minecraft:andesite":3,"alexsmobs:animal_dictionary":1,"apocalypsenow:cereal":1,"minecraft:beetroot":1,"minecraft:smooth_stone":3},"minecraft:custom":{"minecraft:mob_kills":91,"minecraft:interact_with_crafting_table":47,"minecraft:leave_game":12,"minecraft:time_since_death":2364,"minecraft:climb_one_cm":22936,"minecraft:sprint_one_cm":181798,"minecraft:walk_one_cm":1484448,"minecraft:drop":92,"minecraft:play_time":405148,"minecraft:deaths":18,"minecraft:sneak_time":4917,"minecraft:walk_under_water_one_cm":194915,"minecraft:boat_one_cm":1101968,"minecraft:jump":2172,"minecraft:walk_on_water_one_cm":156796,"minecraft:total_world_time":405148,"minecraft:interact_with_furnace":43,"minecraft:sleep_in_bed":4,"minecraft:time_since_rest":2398,"minecraft:waystone_activated":1,"minecraft:damage_taken":6986,"minecraft:damage_dealt":18981,"minecraft:player_kills":2,"minecraft:swim_one_cm":230965,"minecraft:fly_one_cm":570423,"minecraft:open_chest":145,"minecraft:crouch_one_cm":2629,"minecraft:interact_with_smoker":6,"minecraft:fall_one_cm":24403},"minecraft:killed_by":{"minecraft:player":4,"born_in_chaos_v1:glutton_fish":1,"minecraft:drowned":2,"apocalypsenow:runner_50":1,"apocalypsenow:looter_1":1,"born_in_chaos_v1:decrepit_skeleton":1,"undead_revamp2:therod":1,"undead_revamp2:bigsucker":1,"apocalypsenow:runner_44":1,"iceandfire:ghost":2},"minecraft:killed":{"alexsmobs:lobster":2,"hordes:zombie_player":2,"apocalypsenow:soldiers_02":1,"apocalypsenow:military_01":2,"apocalypsenow:looter_1":7,"apocalypsenow:runner_37":1,"apocalypsenow:runner_39":1,"apocalypsenow:runner_35":4,"born_in_chaos_v1:maggot":3,"undead_revamp2:theswarmer":1,"laendli_transport:airship":1,"minecraft:phantom":4,"minecraft:skeleton":2,"apocalypsenow:runner_41":1,"apocalypsenow:runner_42":1,"apocalypsenow:runner_46":1,"apocalypsenow:runner_45":3,"apocalypsenow:runner_53":3,"minecraft:drowned":11,"born_in_chaos_v1:corpse_fish":5,"undead_revamp2:sucker":1,"apocalypsenow:runner_34":2,"alexsmobs:flying_fish":1,"laendli_transport:slabcrab":1,"apocalypsenow:runner_40":1,"born_in_chaos_v1:glutton_fish":1,"undead_revamp2:the_moonflower":3,"apocalypsenow:runner_54":2,"hordes:drowned_player":1,"laendli_transport:crab":6,"minecraft:zombie":3,"iceandfire:ghost":3,"apocalypsenow:runner_43":1,"apocalypsenow:runner_48":2,"apocalypsenow:runner_47":3,"apocalypsenow:runner_51":2},"minecraft:mined":{"minecraft:farmland":2,"iceandfire:silver_ore":1,"farmersdelight:wild_carrots":16,"minecraft:jungle_leaves":13,"apocalypsenow:pallet_storage":1,"minecraft:granite":30,"minecraft:grass_block":49,"minecraft:jungle_planks":15,"minecraft:jungle_log":32,"farmersdelight:wild_cabbages":11,"minecraft:moss_block":4,"culturaldelights:wild_eggplants":7,"minecraft:spore_blossom":1,"farmersdelight:wild_rice":2,"minecraft:iron_ore":1,"supplementaries:flax":20,"minecraft:andesite":68,"minecraft:pumpkin":14,"minecraft:vine":3,"minecraft:bookshelf":64,"minecraft:bamboo":13,"minecraft:stone":86,"minecraft:flowering_azalea":1,"jeg:scrap_ore":1,"minecraft:red_bed":1,"minecraft:smoker":2,"minecraft:torch":1,"bakery:wild_strawberries":13,"minecraft:melon":5,"supplementaries:wild_flax":20,"minecraft:copper_ore":1,"farmersdelight:cabbages":14,"minecraft:cobblestone":5,"minecraft:sugar_cane":14,"minecraft:diorite":6,"minecraft:wall_torch":1,"supplementaries:urn":1,"farmersdelight:wild_beetroots":12,"farmersdelight:sandy_shrub":3,"minecraft:wheat":2,"minecraft:grass":25,"minecraft:coal_ore":19,"minecraft:beetroots":22,"vinery:jungle_grape_bush_white":1,"apocalypsenow:papersvariant_2":1,"minecraft:gravel":15,"minecraft:sand":144,"minecraft:dirt":18,"minecraft:oak_leaves":27,"minecraft:fern":5,"undead_revamp2:arapholia":3},"minecraft:dropped":{"minecraft:wheat_seeds":3,"minecraft:leather":12,"apocalypsenow:red_crowbar":1,"minecraft:jungle_planks":17,"culturaldelights:squid":1,"minecraft:cod":2,"minecraft:stick":8,"minecraft:dirt":23,"minecraft:melon_slice":17,"minecraft:wooden_sword":4,"minecraft:jungle_sapling":1,"minecraft:sand":16,"undead_revamp2:blacpetalblock":1,"minecraft:bucket":1,"minecraft:white_wool":4,"minecraft:gravel":10,"minecraft:sugar_cane":1,"minecraft:stone_sword":1,"alexsmobs:animal_dictionary":2,"minecraft:cocoa_beans":1,"alexscaves:cave_tablet":1,"apocalypsenow:chocolate_bar":8,"minecraft:rotten_flesh":4,"apocalypsenow:bottle":1,"apocalypsenow:bloodybandages":1,"apocalypsenow:sledgehammerr":2,"supplementaries:ash":4,"minecraft:melon_seeds":5,"born_in_chaos_v1:corpse_maggot":1,"apocalypsenow:cooked_human_flesh":31,"minecraft:bamboo":6,"minecraft:stone_pickaxe":1,"minecraft:bow":1,"apocalypsenow:construction_axe":3,"apocalypsenow:emergency_axe":1,"minecraft:iron_ingot":7,"apocalypsenow:human_flesh":6},"minecraft:picked_up":{"minecraft:wooden_axe":2,"minecraft:charcoal":48,"minecraft:cocoa_beans":1,"apocalypsenow:us_army_helmet":1,"minecraft:wheat":2,"vinery:red_grape":36,"minecraft:wooden_pickaxe":1,"alexscaves:cave_tablet":1,"vinery:red_grape_seeds":4,"bakery:strawberry_seeds":6,"minecraft:brick":39,"minecraft:string":6,"minecraft:red_bed":2,"minecraft:raw_copper":24,"minecraft:wooden_sword":3,"jeg:recycler":1,"minecraft:beetroot":19,"minecraft:smooth_stone":3,"farmersdelight:cabbage":14,"minecraft:jungle_sapling":2,"minecraft:wooden_shovel":1,"minecraft:melon_slice":30,"minecraft:sugar_cane":31,"farmersdelight:cabbage_seeds":44,"minecraft:phantom_membrane":3,"vinery:jungle_grape_seeds_white":8,"minecraft:raw_iron":1,"minecraft:stone":12,"minecraft:stick":15,"minecraft:copper_ingot":5,"minecraft:torch":2,"apocalypsenow:plank":3,"minecraft:dried_kelp":4,"minecraft:diorite":12,"apocalypsenow:black_football_armor_chestplate":2,"minecraft:carrot":32,"supplementaries:flax":18,"jeg:circuit_board":2,"apocalypsenow:sledgehammerr":2,"apocalypsenow:pallet_storage":1,"minecraft:stone_sword":2,"iceandfire:silver_ingot":1,"minecraft:rotten_flesh":139,"minecraft:tropical_fish":3,"minecraft:beetroot_seeds":68,"apocalypsenow:chocolate_bar":12,"born_in_chaos_v1:sea_terror_eye":8,"apocalypsenow:construction_axe":3,"vinery:white_grape_seeds":1,"culturaldelights:squid":4,"supplementaries:ash":8,"minecraft:cod":4,"minecraft:glow_berries":3,"apocalypsenow:fire_figther_chestplate":1,"alexsmobs:lobster_tail":1,"undead_revamp2:arapholia":12,"alexsmobs:flying_fish":6,"minecraft:cobblestone":120,"born_in_chaos_v1:corpse_maggot":2,"minecraft:jungle_boat":3,"farmersdelight:rice":2,"minecraft:andesite":235,"minecraft:jungle_log":33,"minecraft:flint":3,"minecraft:smoker":2,"minecraft:filled_map":3,"culturaldelights:eggplant_seeds":21,"supplementaries:flax_seeds":74,"jeg:scrap":72,"minecraft:wooden_hoe":1,"minecraft:dirt":72,"apocalypsenow:cooked_human_flesh":31,"minecraft:bone":2,"minecraft:apple":2,"undead_revamp2:blacpetalblock":1,"minecraft:wheat_seeds":11,"apocalypsenow:human_flesh":33,"minecraft:spore_blossom":3,"minecraft:iron_ingot":3,"minecraft:stone_pickaxe":6,"apocalypsenow:bottle":1,"culturaldelights:white_eggplant":2,"jeg:tech_trash":19,"minecraft:bamboo":116,"minecraft:moss_block":5,"minecraft:oak_planks":1,"minecraft:flowering_azalea":2,"minecraft:book":207,"bakery:strawberry":19,"minecraft:bamboo_planks":21,"minecraft:pumpkin":26,"vinery:jungle_grapes_white":12,"vinery:white_grape":2,"minecraft:bamboo_raft":2,"minecraft:gravel":12,"minecraft:sand":155,"minecraft:jungle_planks":29,"apocalypsenow:ironcrate":2,"alexsmobs:animal_dictionary":2,"minecraft:light_gray_concrete":2,"apocalypsenow:papertrash":1,"vinery:jungle_grapes_red":12,"jeg:ectoplasm":12,"apocalypsenow:redconcretebricks":2,"waystones:waystone":1,"minecraft:granite":44,"minecraft:bone_meal":8,"minecraft:oak_sapling":2,"born_in_chaos_v1:rotten_fish":18,"born_in_chaos_v1:sea_terror_stomach":1,"minecraft:coal":225,"iceandfire:raw_silver":1}},"DataVersion":3465}