{"stats":{"minecraft:used":{"minecraft:melon_slice":3,"alexsmobs:animal_dictionary":1},"minecraft:mined":{"minecraft:melon":5,"minecraft:jungle_log":1,"minecraft:sand":7,"minecraft:bamboo":1,"minecraft:oak_leaves":5},"minecraft:crafted":{"minecraft:jungle_planks":4},"minecraft:picked_up":{"minecraft:jungle_log":1,"minecraft:sand":7,"minecraft:bamboo":6,"minecraft:melon_slice":28},"minecraft:custom":{"minecraft:time_since_rest":12627,"minecraft:play_time":12627,"minecraft:sprint_one_cm":3033,"minecraft:damage_taken":60,"minecraft:walk_one_cm":41572,"minecraft:sneak_time":5,"minecraft:walk_under_water_one_cm":553,"minecraft:jump":64,"minecraft:damage_dealt":107,"minecraft:time_since_death":12627,"minecraft:walk_on_water_one_cm":4457,"minecraft:total_world_time":12627,"minecraft:climb_one_cm":1478,"minecraft:swim_one_cm":12237,"minecraft:fall_one_cm":778,"minecraft:fly_one_cm":1730}},"DataVersion":3465}