{"stats":{"minecraft:used":{"minecraft:stone_sword":78,"farmersdelight:cabbage_seeds":12,"minecraft:chest":3,"farmersdelight:cabbage":1,"vinery:jungle_grapes_red":1,"minecraft:wooden_shovel":62,"minecraft:dirt":49,"minecraft:milk_bucket":1,"minecraft:wooden_axe":47,"apocalypsenow:macandcheese":1,"apocalypsenow:wooden_fire_axe":55,"apocalypsenow:pallet_storage":1,"minecraft:bamboo":2,"apocalypsenow:chocolate_bar":4,"minecraft:furnace":1,"farmersdelight:tomato_seeds":1,"minecraft:wheat_seeds":2,"apocalypsenow:cooked_human_flesh":2,"minecraft:stone_pickaxe":1,"minecraft:wooden_pickaxe":11,"minecraft:sugar_cane":8,"minecraft:jungle_boat":3,"minecraft:sand":121,"minecraft:crafting_table":1,"minecraft:wooden_hoe":48,"minecraft:apple":1,"minecraft:melon_slice":6,"supplementaries:flax_seeds":21,"minecraft:wooden_sword":27,"minecraft:bucket":1,"alexsmobs:animal_dictionary":1},"minecraft:mined":{"minecraft:farmland":1,"iceandfire:silver_ore":1,"minecraft:jungle_leaves":13,"apocalypsenow:pallet_storage":1,"minecraft:grass_block":37,"minecraft:jungle_planks":14,"minecraft:jungle_log":30,"farmersdelight:wild_cabbages":11,"minecraft:spore_blossom":1,"farmersdelight:wild_rice":2,"supplementaries:flax":12,"minecraft:vine":2,"minecraft:bamboo":6,"minecraft:stone":3,"minecraft:flowering_azalea":1,"minecraft:melon":5,"supplementaries:wild_flax":8,"farmersdelight:cabbages":1,"minecraft:sugar_cane":3,"farmersdelight:wild_beetroots":1,"farmersdelight:sandy_shrub":2,"minecraft:grass":13,"minecraft:coal_ore":8,"vinery:jungle_grape_bush_white":1,"minecraft:sand":129,"minecraft:dirt":14,"minecraft:oak_leaves":17,"minecraft:fern":4},"minecraft:killed":{"apocalypsenow:military_01":1,"apocalypsenow:looter_1":4,"apocalypsenow:runner_37":1,"apocalypsenow:runner_35":4,"minecraft:phantom":4,"minecraft:skeleton":1,"apocalypsenow:runner_41":1,"apocalypsenow:runner_42":1,"apocalypsenow:runner_46":1,"apocalypsenow:runner_45":2,"born_in_chaos_v1:corpse_fish":4,"minecraft:drowned":2,"apocalypsenow:runner_34":2,"undead_revamp2:sucker":1,"alexsmobs:flying_fish":1,"born_in_chaos_v1:glutton_fish":1,"apocalypsenow:runner_54":2,"minecraft:zombie":1,"apocalypsenow:runner_48":1,"apocalypsenow:runner_47":2,"apocalypsenow:runner_51":1},"minecraft:crafted":{"minecraft:wooden_sword":3,"minecraft:furnace":1,"minecraft:bamboo_block":4,"minecraft:melon_seeds":5,"minecraft:stone_pickaxe":1,"minecraft:chest":3,"iceandfire:silver_ingot":1,"minecraft:crafting_table":1,"minecraft:jungle_boat":2,"minecraft:wooden_pickaxe":1,"minecraft:air":0,"minecraft:jungle_planks":124,"minecraft:string":9,"minecraft:wooden_hoe":1,"minecraft:white_wool":2,"minecraft:charcoal":48,"minecraft:stick":20,"apocalypsenow:cooked_human_flesh":2,"minecraft:iron_ingot":2,"minecraft:stone_sword":1,"minecraft:brick":48},"minecraft:broken":{"minecraft:wooden_shovel":1},"minecraft:killed_by":{"minecraft:player":3,"born_in_chaos_v1:glutton_fish":1,"apocalypsenow:looter_1":1,"undead_revamp2:therod":1,"undead_revamp2:bigsucker":1,"apocalypsenow:runner_44":1},"minecraft:picked_up":{"minecraft:wooden_axe":2,"minecraft:cocoa_beans":1,"minecraft:charcoal":48,"minecraft:wooden_pickaxe":1,"minecraft:brick":39,"minecraft:raw_copper":20,"minecraft:wooden_sword":3,"farmersdelight:cabbage":1,"minecraft:jungle_sapling":2,"minecraft:wooden_shovel":1,"minecraft:melon_slice":28,"minecraft:sugar_cane":9,"minecraft:phantom_membrane":3,"farmersdelight:cabbage_seeds":12,"vinery:jungle_grape_seeds_white":8,"minecraft:stick":14,"supplementaries:flax":10,"apocalypsenow:pallet_storage":1,"iceandfire:silver_ingot":1,"minecraft:stone_sword":1,"minecraft:rotten_flesh":18,"minecraft:tropical_fish":3,"minecraft:beetroot_seeds":1,"apocalypsenow:chocolate_bar":12,"born_in_chaos_v1:sea_terror_eye":2,"culturaldelights:squid":2,"supplementaries:ash":8,"minecraft:glow_berries":3,"alexsmobs:flying_fish":2,"minecraft:cobblestone":3,"minecraft:jungle_boat":2,"farmersdelight:rice":2,"minecraft:jungle_log":32,"minecraft:filled_map":1,"supplementaries:flax_seeds":38,"minecraft:wooden_hoe":1,"minecraft:dirt":56,"minecraft:bone":2,"minecraft:apple":1,"undead_revamp2:blacpetalblock":1,"apocalypsenow:human_flesh":15,"minecraft:wheat_seeds":3,"minecraft:spore_blossom":1,"minecraft:iron_ingot":2,"minecraft:stone_pickaxe":3,"minecraft:bamboo":60,"minecraft:oak_planks":1,"minecraft:flowering_azalea":1,"vinery:jungle_grapes_white":8,"minecraft:jungle_planks":28,"minecraft:sand":146,"alexsmobs:animal_dictionary":2,"vinery:jungle_grapes_red":5,"minecraft:bone_meal":6,"minecraft:oak_sapling":1,"born_in_chaos_v1:rotten_fish":17,"born_in_chaos_v1:sea_terror_stomach":1,"minecraft:coal":18,"iceandfire:raw_silver":1},"minecraft:dropped":{"apocalypsenow:human_flesh":5,"minecraft:wheat_seeds":3,"apocalypsenow:red_crowbar":1,"minecraft:jungle_planks":11,"culturaldelights:squid":1,"minecraft:stick":8,"minecraft:dirt":23,"minecraft:melon_slice":17,"minecraft:jungle_sapling":1,"minecraft:wooden_sword":3,"minecraft:sand":16,"alexsmobs:animal_dictionary":2,"minecraft:cocoa_beans":1,"apocalypsenow:chocolate_bar":8,"minecraft:rotten_flesh":3,"supplementaries:ash":4,"minecraft:melon_seeds":5,"minecraft:bamboo":6,"apocalypsenow:construction_axe":1},"minecraft:custom":{"minecraft:mob_kills":39,"minecraft:interact_with_crafting_table":27,"minecraft:leave_game":2,"minecraft:time_since_death":1812,"minecraft:climb_one_cm":15643,"minecraft:sprint_one_cm":76201,"minecraft:walk_one_cm":699031,"minecraft:drop":67,"minecraft:play_time":180021,"minecraft:sneak_time":1237,"minecraft:deaths":10,"minecraft:walk_under_water_one_cm":71914,"minecraft:boat_one_cm":524603,"minecraft:jump":1113,"minecraft:walk_on_water_one_cm":76789,"minecraft:total_world_time":180021,"minecraft:interact_with_furnace":22,"minecraft:time_since_rest":1892,"minecraft:damage_taken":3267,"minecraft:damage_dealt":8350,"minecraft:player_kills":1,"minecraft:swim_one_cm":140245,"minecraft:fly_one_cm":34945,"minecraft:open_chest":44,"minecraft:crouch_one_cm":654,"minecraft:fall_one_cm":15121}},"DataVersion":3465}