{"stats":{"minecraft:used":{"apocalypsenow:cooked_human_flesh":1,"minecraft:stone_sword":22,"minecraft:stone_pickaxe":1,"minecraft:chest":2,"minecraft:wooden_pickaxe":11,"minecraft:wooden_shovel":62,"minecraft:sugar_cane":8,"minecraft:jungle_boat":1,"minecraft:sand":121,"minecraft:dirt":34,"minecraft:crafting_table":1,"minecraft:wooden_axe":39,"minecraft:wooden_hoe":33,"minecraft:apple":1,"minecraft:melon_slice":6,"supplementaries:flax_seeds":14,"minecraft:bamboo":2,"minecraft:wooden_sword":27,"minecraft:furnace":1,"alexsmobs:animal_dictionary":1},"minecraft:mined":{"minecraft:farmland":1,"iceandfire:silver_ore":1,"minecraft:jungle_leaves":13,"minecraft:grass_block":25,"minecraft:melon":5,"minecraft:jungle_planks":7,"minecraft:jungle_log":29,"supplementaries:wild_flax":8,"minecraft:sugar_cane":3,"farmersdelight:wild_rice":2,"supplementaries:flax":4,"minecraft:grass":11,"minecraft:coal_ore":8,"minecraft:vine":2,"vinery:jungle_grape_bush_white":1,"minecraft:sand":120,"minecraft:dirt":14,"minecraft:bamboo":2,"minecraft:stone":3,"minecraft:oak_leaves":17,"minecraft:fern":4},"minecraft:killed":{"apocalypsenow:looter_1":1,"minecraft:skeleton":1,"minecraft:zombie":1,"apocalypsenow:runner_41":1,"apocalypsenow:runner_42":1,"apocalypsenow:runner_46":1,"apocalypsenow:runner_47":1,"born_in_chaos_v1:corpse_fish":1,"undead_revamp2:sucker":1,"apocalypsenow:runner_34":1,"alexsmobs:flying_fish":1},"minecraft:crafted":{"minecraft:wooden_sword":3,"iceandfire:silver_ingot":1,"minecraft:crafting_table":1,"minecraft:jungle_boat":1,"minecraft:wooden_pickaxe":1,"minecraft:furnace":1,"minecraft:air":0,"minecraft:jungle_planks":124,"minecraft:wooden_hoe":1,"minecraft:charcoal":48,"minecraft:melon_seeds":5,"minecraft:stick":20,"apocalypsenow:cooked_human_flesh":1,"minecraft:iron_ingot":2,"minecraft:stone_pickaxe":1,"minecraft:stone_sword":1,"minecraft:chest":2},"minecraft:broken":{"minecraft:wooden_shovel":1},"minecraft:killed_by":{"minecraft:player":3,"undead_revamp2:therod":1,"apocalypsenow:runner_44":1,"apocalypsenow:looter_1":1},"minecraft:picked_up":{"minecraft:wooden_axe":2,"minecraft:charcoal":48,"minecraft:cocoa_beans":1,"farmersdelight:rice":2,"minecraft:jungle_log":31,"minecraft:wooden_pickaxe":1,"supplementaries:flax_seeds":16,"minecraft:wooden_hoe":1,"minecraft:dirt":44,"minecraft:wooden_sword":3,"minecraft:bone":2,"minecraft:apple":1,"minecraft:wheat_seeds":3,"apocalypsenow:human_flesh":7,"minecraft:stone_pickaxe":1,"minecraft:jungle_sapling":2,"minecraft:wooden_shovel":1,"minecraft:bamboo":16,"minecraft:melon_slice":28,"minecraft:sugar_cane":8,"vinery:jungle_grape_seeds_white":8,"minecraft:stick":14,"vinery:jungle_grapes_white":8,"minecraft:sand":137,"minecraft:jungle_planks":18,"supplementaries:flax":1,"alexsmobs:animal_dictionary":2,"minecraft:rotten_flesh":8,"minecraft:stone_sword":1,"vinery:jungle_grapes_red":4,"culturaldelights:squid":2,"minecraft:bone_meal":4,"born_in_chaos_v1:rotten_fish":1,"minecraft:oak_sapling":1,"iceandfire:raw_silver":1,"minecraft:coal":18,"alexsmobs:flying_fish":2,"minecraft:cobblestone":3},"minecraft:dropped":{"apocalypsenow:human_flesh":5,"minecraft:wheat_seeds":3,"alexsmobs:animal_dictionary":2,"minecraft:cocoa_beans":1,"minecraft:rotten_flesh":3,"minecraft:jungle_planks":11,"culturaldelights:squid":1,"minecraft:stick":8,"minecraft:dirt":23,"minecraft:melon_seeds":5,"minecraft:wooden_sword":3,"minecraft:melon_slice":17,"minecraft:jungle_sapling":1,"minecraft:bamboo":6,"minecraft:sand":16},"minecraft:custom":{"minecraft:interact_with_furnace":12,"minecraft:mob_kills":11,"minecraft:interact_with_crafting_table":18,"minecraft:leave_game":2,"minecraft:time_since_death":481,"minecraft:climb_one_cm":13232,"minecraft:time_since_rest":514,"minecraft:sprint_one_cm":57604,"minecraft:damage_taken":1990,"minecraft:walk_one_cm":443293,"minecraft:drop":62,"minecraft:damage_dealt":2281,"minecraft:fly_one_cm":25981,"minecraft:swim_one_cm":74950,"minecraft:open_chest":12,"minecraft:crouch_one_cm":18,"minecraft:play_time":96021,"minecraft:deaths":7,"minecraft:sneak_time":239,"minecraft:walk_under_water_one_cm":7622,"minecraft:boat_one_cm":153171,"minecraft:jump":643,"minecraft:walk_on_water_one_cm":23916,"minecraft:total_world_time":96021,"minecraft:fall_one_cm":11244}},"DataVersion":3465}