{"stats":{"minecraft:crafted":{"minecraft:wooden_sword":1,"minecraft:copper_ingot":1,"minecraft:stick":8,"minecraft:wooden_pickaxe":1,"minecraft:jungle_planks":44},"minecraft:used":{"minecraft:wooden_sword":4,"alexsmobs:animal_dictionary":2},"minecraft:custom":{"minecraft:time_since_rest":8902,"minecraft:open_chest":9,"minecraft:waystone_activated":1,"minecraft:interact_with_furnace":3,"minecraft:crouch_one_cm":701,"minecraft:play_time":16248,"minecraft:sprint_one_cm":12141,"minecraft:damage_taken":462,"minecraft:deaths":1,"minecraft:walk_one_cm":47974,"minecraft:sneak_time":148,"minecraft:walk_under_water_one_cm":11327,"minecraft:mob_kills":1,"minecraft:jump":39,"minecraft:damage_dealt":216,"minecraft:leave_game":1,"minecraft:walk_on_water_one_cm":11098,"minecraft:time_since_death":8835,"minecraft:climb_one_cm":184,"minecraft:total_world_time":16248,"minecraft:swim_one_cm":9361,"minecraft:interact_with_crafting_table":4,"minecraft:fall_one_cm":209,"minecraft:fly_one_cm":1436},"minecraft:killed":{"apocalypsenow:runner_43":1},"minecraft:mined":{"minecraft:jungle_log":4,"minecraft:jungle_leaves":5,"minecraft:fern":1},"minecraft:picked_up":{"minecraft:rotten_flesh":1,"minecraft:jungle_log":3,"apocalypsenow:human_flesh":1,"minecraft:jungle_sapling":1}},"DataVersion":3465}