{"stats":{"minecraft:used":{"minecraft:oak_trapdoor":5,"minecraft:stone_shovel":213,"minecraft:dried_kelp":2,"minecraft:ladder":9,"minecraft:chest":4,"minecraft:oak_door":4,"minecraft:torch":29,"minecraft:cocoa_beans":25,"minecraft:jungle_planks":64,"minecraft:granite":10,"minecraft:jungle_log":17,"apocalypsenow:construction_axe":50,"minecraft:furnace":6,"minecraft:oak_chest_boat":1,"minecraft:diorite":3,"minecraft:stone_pickaxe":292,"minecraft:oak_planks":1,"minecraft:wooden_pickaxe":60,"minecraft:jungle_boat":1,"minecraft:glow_berries":21,"minecraft:sand":25,"minecraft:crafting_table":6,"minecraft:melon_slice":2,"jeg:scrap_workbench":1,"minecraft:stone_axe":226,"minecraft:wooden_sword":40,"minecraft:cobblestone":96,"minecraft:jungle_door":3,"minecraft:andesite":3},"minecraft:mined":{"iceandfire:silver_ore":2,"minecraft:jungle_leaves":22,"minecraft:cave_vines_plant":1,"minecraft:granite":22,"minecraft:jungle_planks":15,"born_in_chaos_v1:black_argillite":2,"minecraft:jungle_log":159,"minecraft:moss_block":7,"minecraft:sandstone":1,"minecraft:oak_trapdoor":1,"minecraft:iron_ore":11,"minecraft:andesite":5,"minecraft:big_dripleaf_stem":1,"minecraft:cave_vines":5,"minecraft:vine":9,"minecraft:bamboo":2,"minecraft:stone":206,"jeg:scrap_ore":36,"minecraft:jungle_door":1,"born_in_chaos_v1:marigolds":3,"minecraft:dandelion":2,"minecraft:crafting_table":2,"minecraft:clay":169,"minecraft:melon":1,"minecraft:poppy":1,"supplementaries:wild_flax":2,"minecraft:copper_ore":17,"minecraft:cobblestone":12,"minecraft:lapis_ore":1,"minecraft:oak_planks":1,"minecraft:diorite":9,"minecraft:wall_torch":3,"minecraft:big_dripleaf":2,"supplementaries:urn":2,"farmersdelight:wild_beetroots":10,"farmersdelight:sandy_shrub":1,"minecraft:grass":3,"minecraft:oak_log":17,"minecraft:coal_ore":11,"minecraft:cocoa":12,"minecraft:sand":25,"minecraft:gravel":48,"minecraft:oak_leaves":4},"minecraft:killed":{"undead_revamp2:bigsucker":2,"hordes:zombie_player":1,"apocalypsenow:looter_1":2,"apocalypsenow:runner_37":1,"apocalypsenow:runner_35":1,"minecraft:phantom":1,"minecraft:skeleton":1,"apocalypsenow:runner_41":1,"apocalypsenow:runner_45":1,"born_in_chaos_v1:corpse_fish":1,"undead_revamp2:sucker":1,"laendli_transport:crab":2,"born_in_chaos_v1:zombie_fisherman":1,"apocalypsenow:runner_43":2,"apocalypsenow:runner_44":1},"minecraft:crafted":{"minecraft:oak_door":6,"minecraft:oak_planks":68,"minecraft:stone_shovel":2,"minecraft:furnace":6,"minecraft:oak_trapdoor":4,"jeg:scrap_workbench":1,"minecraft:melon_seeds":3,"minecraft:ladder":33,"minecraft:stone_pickaxe":4,"minecraft:chest":5,"minecraft:crafting_table":5,"minecraft:jungle_boat":1,"minecraft:wooden_pickaxe":2,"minecraft:iron_sword":2,"minecraft:stone_axe":2,"minecraft:jungle_planks":228,"minecraft:air":0,"jeg:scrap_block":1,"minecraft:oak_boat":1,"minecraft:jungle_door":9,"minecraft:oak_chest_boat":1,"minecraft:charcoal":9,"minecraft:stick":175,"minecraft:iron_pickaxe":1,"minecraft:iron_ingot":7,"minecraft:torch":52},"minecraft:killed_by":{"apocalypsenow:runner_51":1},"minecraft:broken":{"minecraft:wooden_pickaxe":1,"minecraft:stone_pickaxe":2,"minecraft:stone_axe":1,"minecraft:stone_shovel":1},"minecraft:picked_up":{"minecraft:cocoa_beans":34,"minecraft:crafting_table":2,"minecraft:clay_ball":676,"born_in_chaos_v1:black_argillite":2,"minecraft:oak_trapdoor":1,"minecraft:raw_copper":65,"minecraft:wooden_sword":1,"minecraft:beetroot":2,"minecraft:poppy":1,"minecraft:melon_slice":5,"minecraft:sandstone":1,"minecraft:stick":2,"minecraft:raw_iron":11,"undead_revamp2:suckermemebrane":2,"minecraft:big_dripleaf":5,"minecraft:torch":4,"minecraft:dried_kelp":2,"minecraft:diorite":9,"minecraft:arrow":2,"minecraft:rotten_flesh":9,"minecraft:beetroot_seeds":10,"apocalypsenow:construction_axe":1,"minecraft:glow_berries":13,"minecraft:skeleton_skull":1,"minecraft:cobblestone":216,"minecraft:andesite":5,"minecraft:jungle_log":158,"minecraft:flint":4,"minecraft:oak_log":17,"supplementaries:flax_seeds":2,"jeg:scrap":67,"minecraft:lapis_lazuli":8,"born_in_chaos_v1:marigolds":3,"minecraft:bone":6,"minecraft:wheat_seeds":1,"apocalypsenow:human_flesh":8,"minecraft:bamboo":16,"minecraft:moss_block":7,"jeg:tech_trash":10,"vinery:jungle_grapes_white":16,"minecraft:dandelion":2,"minecraft:gravel":35,"minecraft:sand":25,"minecraft:jungle_planks":17,"vinery:jungle_grapes_red":2,"minecraft:granite":22,"born_in_chaos_v1:rotten_fish":3,"minecraft:oak_sapling":2,"minecraft:coal":11,"iceandfire:raw_silver":2},"minecraft:dropped":{"born_in_chaos_v1:rotten_fish":1,"vinery:jungle_grapes_white":4,"minecraft:bamboo":1,"minecraft:stone_pickaxe":1},"minecraft:custom":{"minecraft:mob_kills":19,"minecraft:interact_with_crafting_table":27,"minecraft:leave_game":2,"minecraft:time_since_death":4215,"minecraft:climb_one_cm":12273,"minecraft:sprint_one_cm":1397,"minecraft:walk_one_cm":291785,"minecraft:drop":4,"minecraft:play_time":100787,"minecraft:deaths":2,"minecraft:sneak_time":881,"minecraft:walk_under_water_one_cm":31038,"minecraft:boat_one_cm":52634,"minecraft:jump":645,"minecraft:walk_on_water_one_cm":71088,"minecraft:total_world_time":100787,"minecraft:interact_with_furnace":16,"minecraft:time_since_rest":4261,"minecraft:damage_taken":730,"minecraft:damage_dealt":2898,"minecraft:swim_one_cm":78,"minecraft:player_kills":2,"minecraft:fly_one_cm":1239,"minecraft:open_chest":21,"minecraft:crouch_one_cm":1606,"minecraft:fall_one_cm":10037}},"DataVersion":3465}