{"stats":{"minecraft:killed_by":{"iceandfire:ice_dragon":1,"minecraft:skeleton":1,"born_in_chaos_v1:maggot":1},"minecraft:crafted":{"minecraft:black_dye":1,"minecraft:bone_meal":21,"minecraft:stone_pickaxe":3,"minecraft:crafting_table":1,"minecraft:spruce_planks":12,"minecraft:wooden_pickaxe":1,"minecraft:pumpkin_seeds":4,"minecraft:stick":8},"minecraft:dropped":{"apocalypsenow:human_flesh":1,"iceandfire:dragonscales_sapphire":20,"minecraft:black_dye":1,"minecraft:wheat_seeds":3,"minecraft:glass_bottle":1,"minecraft:feather":3,"iceandfire:ice_dragon_flesh":6,"minecraft:copper_ingot":2,"minecraft:cod":3,"jeg:shotgun_shell":16,"minecraft:sunflower":4,"minecraft:dried_kelp":19,"minecraft:bone_meal":27,"iceandfire:dragonscales_white":10,"minecraft:string":1,"mteg:m249":1,"minecraft:bucket":1,"minecraft:bone":3,"iceandfire:dragonbone":9,"vinery:red_grape_seeds":34,"undead_revamp2:huntereye":1,"minecraft:bowl":3,"undead_revamp2:arapholia":4,"born_in_chaos_v1:ethereal_spirit":1,"born_in_chaos_v1:rotten_fish":2,"minecraft:rotten_flesh":51,"iceandfire:dragon_skull_ice":1,"mteg:blue_heat":1,"iceandfire:dragon_ice":4,"supplementaries:ash":6,"supplementaries:flax_seeds":16,"mteg:baker_rifle":1,"jeg:revolver":1,"minecraft:gunpowder":1,"born_in_chaos_v1:seedof_chaos":2,"minecraft:spider_eye":1,"minecraft:arrow":4,"minecraft:nautilus_shell":1},"minecraft:killed":{"undead_revamp2:thehunter":2,"mca:male_zombie_villager":1,"hordes:zombie_player":1,"born_in_chaos_v1:restless_spirit":4,"apocalypsenow:walker_19":1,"born_in_chaos_v1:zombie_lumberjack":3,"apocalypsenow:looter_1":3,"apocalypsenow:runner_37":1,"minecraft:spider":4,"undead_revamp2:thesmoker":2,"alexsmobs:seagull":3,"apocalypsenow:runner_39":1,"apocalypsenow:runner_35":6,"born_in_chaos_v1:zombie_bruiser":1,"born_in_chaos_v1:baby_skeleton_minion":2,"undead_revamp2:theswarmer":2,"born_in_chaos_v1:maggot":5,"apocalypsenow:horde_2":3,"apocalypsenow:walker_26":2,"minecraft:skeleton":6,"apocalypsenow:horde_1":1,"apocalypsenow:runner_38":1,"apocalypsenow:walker_15":1,"apocalypsenow:runner_42":1,"apocalypsenow:runner_41":3,"apocalypsenow:runner_45":3,"born_in_chaos_v1:skeleton_thrasher":1,"apocalypsenow:walker_18":1,"undead_revamp2:therod":1,"apocalypsenow:runner_53":2,"born_in_chaos_v1:corpse_fish":1,"apocalypsenow:runner_34":4,"born_in_chaos_v1:fallen_chaos_knight":1,"born_in_chaos_v1:bonescaller":1,"laendli_transport:slabcrab":7,"minecraft:pig":1,"born_in_chaos_v1:baby_skeleton":2,"apocalypsenow:runner_40":4,"undead_revamp2:the_moonflower":2,"born_in_chaos_v1:glutton_fish":1,"apocalypsenow:runner_52":3,"apocalypsenow:runner_50":5,"apocalypsenow:runner_54":2,"minecraft:creeper":9,"born_in_chaos_v1:decrepit_skeleton":5,"minecraft:sheep":1,"laendli_transport:crab":9,"born_in_chaos_v1:zombie_fisherman":2,"minecraft:zombie":10,"iceandfire:ghost":3,"born_in_chaos_v1:dread_hound":1,"apocalypsenow:walker_12":1,"apocalypsenow:walker_13":1,"born_in_chaos_v1:corpse_fly":1,"apocalypsenow:runner_44":2,"iceandfire:ice_dragon":1,"apocalypsenow:runner_36":4,"apocalypsenow:horde_4":2,"apocalypsenow:runner_51":1,"apocalypsenow:runner_55":1},"minecraft:picked_up":{"apocalypsenow:us_army_helmet":2,"born_in_chaos_v1:seedof_chaos":2,"biomesoplenty:red_maple_sapling":1,"vinery:red_grape_seeds":34,"minecraft:wither_rose":1,"mteg:baker_rifle":1,"mteg:double_barrel":1,"minecraft:string":1,"born_in_chaos_v1:intoxicating_decoction":1,"minecraft:armor_stand":1,"mteg:walther_ppk":2,"jeg:revolver":1,"apocalypsenow:medicalkit":2,"apocalypsenow:spec_ops_helmet":3,"bakery:misslilitu_biscuit":1,"apocalypsenow:fire_axe":2,"minecraft:enchanted_golden_apple":1,"iceandfire:ice_dragon_heart":4,"aquaculturedelight:rollmops":3,"iceandfire:dragonbone":9,"bakery:croissant":1,"bakery:braided_bread":1,"mteg:m16_lsw":1,"jeg:pistol_ammo":151,"minecraft:copper_ingot":4,"minecraft:bowl":3,"iceandfire:dragonscales_white":10,"minecraft:porkchop":2,"minecraft:dried_kelp":30,"apocalypsenow:police_shield":2,"bakery:chocolate_gateau_slice":1,"jeg:vertical_grip":1,"jeg:tactical_stock":1,"aquaculturedelight:halibut_with_tartar_sauce":1,"iceandfire:silver_ingot":12,"iceandfire:dragon_skull_ice":1,"bakery:chocolate_gateau":2,"man_of_many_planes:scarlet_biplane":2,"minecraft:arrow":9,"minecraft:rotten_flesh":91,"aquaculturedelight:tuna_spaghetti":1,"bakery:pudding":1,"jeg:rifle_ammo":1108,"farmersdelight:milk_bottle":32,"aurorasarsenal:m40a6":2,"supplementaries:ash":6,"aquaculturedelight:baked_pollock_with_carrots":1,"minecraft:cod":23,"undead_revamp2:arapholia":4,"apocalypsenow:us_army_chestplate":2,"minecraft:cobblestone":12,"mteg:awp":1,"minecraft:nautilus_shell":1,"biomesoplenty:lavender":2,"aquaculturedelight:catfish_barbecue":1,"bakery:sandwich":1,"minecraft:feather":3,"minecraft:salmon":4,"minecraft:potato":4,"bakery:cornet":1,"supplementaries:flax_seeds":16,"undead_revamp2:huntereye":2,"minecraft:gunpowder":1,"laendli_transport:ammunition_cannoncharge":12,"minecraft:dirt":13,"jeg:grenade":1,"born_in_chaos_v1:marigolds":1,"minecraft:bone":10,"minecraft:wheat_seeds":4,"apocalypsenow:human_flesh":1,"jeg:shotgun_shell":128,"biomesoplenty:maple_log":1,"mteg:scar_l":1,"bakery:chocolate_truffle":1,"aquaculturedelight:buckling":2,"aquaculturedelight:turtle_meat_dish":1,"minecraft:milk_bucket":7,"apocalypsenow:us_army_leggings":2,"minecraft:pumpkin":16,"jeg:drum_mag":3,"iceandfire:dragonscales_sapphire":20,"born_in_chaos_v1:ethereal_spirit":1,"jeg:telescopic_sight":1,"minecraft:spruce_log":3,"minecraft:spider_eye":1,"mteg:m249":4,"minecraft:diamond":3,"jeg:repair_kit":1,"iceandfire:dragon_ice":4,"apocalypsenow:us_army_boots":2,"minecraft:bone_meal":32,"iceandfire:ice_dragon_flesh":6,"born_in_chaos_v1:rotten_fish":2,"mteg:blue_heat":1,"minecraft:sunflower":6},"minecraft:custom":{"minecraft:mob_kills":158,"minecraft:interact_with_anvil":1,"minecraft:interact_with_crafting_table":2,"minecraft:damage_dealt_resisted":2142,"minecraft:leave_game":1,"minecraft:time_since_death":15993,"minecraft:damage_resisted":319,"minecraft:sprint_one_cm":599,"minecraft:walk_one_cm":557203,"minecraft:drop":53,"minecraft:talked_to_villager":1,"minecraft:play_time":110360,"minecraft:deaths":4,"minecraft:sneak_time":2922,"minecraft:walk_under_water_one_cm":5192,"minecraft:jump":541,"minecraft:walk_on_water_one_cm":10669,"minecraft:total_world_time":110360,"minecraft:time_since_rest":16101,"minecraft:damage_taken":2920,"minecraft:damage_absorbed":60,"minecraft:trigger_trapped_chest":3,"minecraft:damage_dealt":635,"minecraft:fly_one_cm":5680,"minecraft:open_chest":15,"minecraft:crouch_one_cm":5228,"minecraft:fall_one_cm":8237},"minecraft:used":{"aquaculturedelight:buckling":1,"mteg:baker_rifle":2,"minecraft:armor_stand":1,"minecraft:stick":1,"mteg:blue_heat":22,"aurorasarsenal:m40a6":188,"minecraft:dirt":7,"jeg:grenade":1,"minecraft:milk_bucket":3,"bakery:chocolate_gateau_slice":1,"mteg:m249":445,"apocalypsenow:fire_axe":12,"aquaculturedelight:rollmops":1,"jeg:revolver":11,"aquaculturedelight:catfish_barbecue":1,"minecraft:potato":1,"minecraft:pumpkin":15,"aquaculturedelight:halibut_with_tartar_sauce":1,"minecraft:enchanted_golden_apple":1,"farmersdelight:milk_bottle":2,"biomesoplenty:maple_log":1,"minecraft:wooden_pickaxe":30,"biomesoplenty:lavender":1,"bakery:sandwich":1,"minecraft:crafting_table":1,"mteg:awp":1,"bakery:braided_bread":1,"mteg:scar_l":11,"aquaculturedelight:tuna_spaghetti":1,"mteg:walther_ppk":36,"bakery:cornet":1,"bakery:chocolate_gateau":1,"bakery:pudding":1,"aquaculturedelight:turtle_meat_dish":1,"mteg:m16_lsw":327,"bakery:croissant":1,"alexsmobs:animal_dictionary":1},"minecraft:mined":{"undead_revamp2:arapholia":2,"minecraft:grass_block":14,"minecraft:large_fern":2,"biomesoplenty:lavender":2,"minecraft:pumpkin":16,"bakery:pudding":1,"bakery:chocolate_gateau":1,"biomesoplenty:barley":11,"minecraft:stone":12,"farmersdelight:wild_potatoes":4,"biomesoplenty:maple_log":1,"born_in_chaos_v1:marigolds":1,"vinery:red_grape_bush":7,"supplementaries:wild_flax":8,"minecraft:seagrass":1,"minecraft:spruce_log":3,"minecraft:wither_rose":1,"minecraft:grass":4,"iceandfire:silver_pile":1,"minecraft:sunflower":1,"minecraft:oak_leaves":2,"minecraft:fern":1}},"DataVersion":3465}