{"stats":{"minecraft:crafted":{"minecraft:oak_door":9,"minecraft:oak_planks":168,"minecraft:stone_shovel":3,"minecraft:lightning_rod":1,"minecraft:furnace":7,"minecraft:bone_meal":18,"minecraft:oak_trapdoor":8,"jeg:scrap_workbench":1,"minecraft:melon_seeds":3,"minecraft:ladder":51,"minecraft:stone_pickaxe":8,"minecraft:chest":7,"minecraft:copper_block":2,"minecraft:stone_hoe":3,"farmersdelight:tomato_seeds":2,"iceandfire:silver_ingot":5,"minecraft:crafting_table":6,"minecraft:jungle_boat":1,"minecraft:wooden_pickaxe":2,"minecraft:iron_sword":2,"minecraft:copper_ingot":29,"minecraft:stone_axe":3,"minecraft:jungle_planks":228,"minecraft:air":0,"jeg:scrap_block":1,"minecraft:jungle_door":9,"minecraft:oak_boat":1,"minecraft:oak_chest_boat":1,"minecraft:string":10,"minecraft:white_wool":2,"minecraft:charcoal":9,"minecraft:stick":235,"minecraft:iron_pickaxe":1,"minecraft:iron_ingot":7,"minecraft:oak_stairs":8,"minecraft:torch":68},"minecraft:broken":{"minecraft:stone_hoe":2,"minecraft:wooden_pickaxe":1,"minecraft:stone_pickaxe":3,"minecraft:stone_axe":1,"minecraft:stone_shovel":2},"minecraft:used":{"minecraft:beetroot":3,"minecraft:oak_trapdoor":11,"minecraft:stone_shovel":439,"minecraft:dried_kelp":2,"farmersdelight:cabbage_seeds":3,"minecraft:ladder":20,"minecraft:chest":6,"minecraft:stone_hoe":319,"minecraft:oak_door":7,"minecraft:torch":33,"minecraft:dirt":107,"minecraft:cocoa_beans":25,"minecraft:jungle_planks":64,"minecraft:carrot":1,"minecraft:granite":10,"farmersdelight:tomato":1,"minecraft:oak_stairs":6,"minecraft:jungle_log":17,"apocalypsenow:construction_axe":90,"minecraft:oak_sapling":14,"minecraft:furnace":7,"minecraft:beetroot_seeds":29,"farmersdelight:tomato_seeds":4,"minecraft:oak_chest_boat":3,"minecraft:wheat_seeds":5,"minecraft:diorite":7,"minecraft:stone_pickaxe":567,"minecraft:oak_planks":42,"minecraft:copper_block":2,"minecraft:wooden_pickaxe":60,"minecraft:sugar_cane":18,"minecraft:jungle_boat":1,"minecraft:glow_berries":21,"minecraft:sand":25,"minecraft:crafting_table":10,"minecraft:red_bed":4,"minecraft:apple":1,"minecraft:iron_pickaxe":34,"minecraft:melon_slice":2,"supplementaries:flax_seeds":15,"jeg:scrap_workbench":1,"minecraft:stone_axe":267,"minecraft:wooden_sword":43,"minecraft:cobblestone":172,"minecraft:jungle_door":3,"minecraft:andesite":3,"minecraft:coarse_dirt":1,"minecraft:bone_meal":19},"minecraft:custom":{"minecraft:mob_kills":23,"minecraft:interact_with_crafting_table":43,"minecraft:leave_game":4,"minecraft:time_since_death":59481,"minecraft:climb_one_cm":14661,"minecraft:sprint_one_cm":1953,"minecraft:walk_one_cm":494483,"minecraft:drop":4,"minecraft:play_time":174962,"minecraft:deaths":4,"minecraft:sneak_time":1535,"minecraft:walk_under_water_one_cm":78908,"minecraft:boat_one_cm":353763,"minecraft:jump":878,"minecraft:walk_on_water_one_cm":107789,"minecraft:total_world_time":174962,"minecraft:interact_with_furnace":26,"minecraft:sleep_in_bed":4,"minecraft:time_since_rest":10166,"minecraft:waystone_activated":1,"minecraft:damage_taken":1330,"minecraft:trigger_trapped_chest":2,"minecraft:damage_dealt":3717,"minecraft:swim_one_cm":562,"minecraft:player_kills":2,"minecraft:fly_one_cm":1720,"minecraft:open_chest":63,"minecraft:crouch_one_cm":2100,"minecraft:fall_one_cm":11898},"minecraft:killed_by":{"apocalypsenow:runner_51":1,"iceandfire:ghost":1},"minecraft:killed":{"undead_revamp2:bigsucker":2,"hordes:zombie_player":1,"apocalypsenow:looter_1":2,"apocalypsenow:runner_37":1,"apocalypsenow:runner_35":1,"minecraft:phantom":1,"minecraft:skeleton":1,"apocalypsenow:runner_41":1,"apocalypsenow:runner_45":1,"born_in_chaos_v1:corpse_fish":1,"undead_revamp2:sucker":1,"alexsmobs:flying_fish":1,"laendli_transport:crab":2,"born_in_chaos_v1:zombie_fisherman":1,"iceandfire:ghost":2,"apocalypsenow:runner_43":2,"apocalypsenow:runner_44":1},"minecraft:mined":{"iceandfire:silver_ore":7,"farmersdelight:wild_carrots":1,"minecraft:jungle_leaves":22,"minecraft:cave_vines_plant":1,"minecraft:granite":22,"biomesoplenty:bush":8,"minecraft:grass_block":17,"minecraft:jungle_planks":15,"born_in_chaos_v1:black_argillite":2,"minecraft:jungle_log":159,"farmersdelight:tomatoes":1,"farmersdelight:wild_cabbages":3,"minecraft:moss_block":7,"minecraft:sandstone":1,"minecraft:oak_trapdoor":3,"minecraft:iron_ore":11,"supplementaries:flax":12,"minecraft:andesite":15,"minecraft:big_dripleaf_stem":1,"biomesoplenty:high_grass":22,"minecraft:vine":10,"minecraft:cave_vines":5,"minecraft:bamboo":2,"minecraft:stone":302,"minecraft:podzol":7,"jeg:scrap_ore":39,"minecraft:jungle_door":1,"born_in_chaos_v1:marigolds":3,"minecraft:red_bed":4,"minecraft:dandelion":2,"minecraft:crafting_table":5,"minecraft:clay":169,"minecraft:melon":1,"minecraft:poppy":1,"supplementaries:wild_flax":6,"biomesoplenty:high_grass_plant":65,"minecraft:tall_grass":8,"minecraft:copper_ore":24,"minecraft:cobblestone":24,"biomesoplenty:huge_clover_petal":6,"minecraft:lapis_ore":1,"minecraft:sugar_cane":10,"minecraft:oak_planks":3,"minecraft:diorite":13,"minecraft:wall_torch":4,"minecraft:big_dripleaf":2,"supplementaries:urn":2,"farmersdelight:wild_beetroots":28,"farmersdelight:sandy_shrub":9,"minecraft:coarse_dirt":1,"minecraft:wheat":2,"minecraft:lilac":38,"minecraft:wither_rose":1,"minecraft:grass":88,"biomesoplenty:clover":22,"minecraft:oak_log":42,"minecraft:coal_ore":170,"minecraft:beetroots":2,"minecraft:cocoa":12,"minecraft:gravel":154,"minecraft:sand":25,"minecraft:dirt":86,"minecraft:cobweb":1,"biomesoplenty:redwood_wood":34,"minecraft:oak_leaves":283,"minecraft:fern":1},"minecraft:dropped":{"born_in_chaos_v1:rotten_fish":1,"vinery:jungle_grapes_white":4,"minecraft:bamboo":1,"minecraft:stone_pickaxe":1},"minecraft:picked_up":{"minecraft:cocoa_beans":34,"minecraft:coarse_dirt":1,"minecraft:crafting_table":5,"minecraft:wheat":2,"minecraft:clay_ball":676,"minecraft:wither_rose":2,"born_in_chaos_v1:black_argillite":2,"iceandfire:manuscript":7,"minecraft:string":4,"minecraft:oak_trapdoor":3,"minecraft:red_bed":4,"minecraft:raw_copper":94,"minecraft:wooden_sword":1,"minecraft:beetroot":15,"minecraft:gold_nugget":6,"farmersdelight:cabbage":2,"minecraft:poppy":1,"biomesoplenty:redwood_wood":34,"minecraft:melon_slice":5,"minecraft:sugar_cane":38,"farmersdelight:cabbage_seeds":3,"undead_revamp2:suckermemebrane":2,"minecraft:stick":8,"minecraft:raw_iron":11,"minecraft:sandstone":1,"minecraft:big_dripleaf":5,"minecraft:copper_ingot":1,"minecraft:torch":6,"minecraft:dried_kelp":2,"farmersdelight:tomato_seeds":2,"minecraft:diorite":13,"minecraft:carrot":2,"supplementaries:flax":10,"iceandfire:silver_ingot":2,"minecraft:arrow":2,"minecraft:rotten_flesh":19,"minecraft:beetroot_seeds":34,"apocalypsenow:construction_axe":1,"culturaldelights:squid":2,"minecraft:oak_chest_boat":2,"minecraft:glow_berries":14,"alexsmobs:flying_fish":1,"minecraft:skeleton_skull":1,"minecraft:white_wool":2,"minecraft:cobblestone":318,"minecraft:jungle_boat":2,"minecraft:lilac":38,"minecraft:andesite":14,"minecraft:jungle_log":158,"minecraft:flint":15,"minecraft:oak_log":42,"supplementaries:flax_seeds":27,"jeg:scrap":71,"minecraft:lapis_lazuli":8,"farmersdelight:tomato":3,"minecraft:dirt":109,"born_in_chaos_v1:marigolds":3,"minecraft:bone":6,"minecraft:apple":3,"minecraft:wheat_seeds":18,"apocalypsenow:human_flesh":22,"minecraft:bamboo":16,"minecraft:moss_block":7,"minecraft:oak_planks":2,"jeg:tech_trash":11,"vinery:jungle_grapes_white":28,"minecraft:dandelion":2,"minecraft:gravel":197,"minecraft:sand":25,"minecraft:jungle_planks":17,"vinery:jungle_grapes_red":2,"minecraft:granite":22,"minecraft:bone_meal":1,"minecraft:oak_sapling":14,"born_in_chaos_v1:rotten_fish":5,"minecraft:coal":191,"iceandfire:raw_silver":7}},"DataVersion":3465}