{"stats":{"minecraft:crafted":{"minecraft:oak_door":9,"minecraft:oak_planks":168,"minecraft:stone_shovel":6,"minecraft:lightning_rod":1,"minecraft:furnace":8,"minecraft:stone":11,"minecraft:bone_meal":18,"minecraft:oak_trapdoor":8,"biomesoplenty:redwood_trapdoor":8,"jeg:scrap_workbench":2,"minecraft:ladder":177,"minecraft:melon_seeds":3,"minecraft:stone_pickaxe":11,"minecraft:chest":9,"minecraft:copper_block":2,"minecraft:stone_hoe":3,"farmersdelight:tomato_seeds":2,"minecraft:cauldron":1,"iceandfire:silver_ingot":12,"biomesoplenty:redwood_door":3,"minecraft:crafting_table":7,"minecraft:jungle_boat":1,"biomesoplenty:redwood_planks":280,"minecraft:wooden_pickaxe":2,"minecraft:iron_sword":2,"minecraft:copper_ingot":29,"minecraft:bucket":2,"minecraft:stone_axe":4,"minecraft:air":0,"jeg:scrap_block":3,"minecraft:jungle_planks":228,"minecraft:jungle_door":9,"minecraft:oak_boat":1,"minecraft:oak_chest_boat":1,"minecraft:string":10,"minecraft:white_wool":2,"minecraft:charcoal":9,"minecraft:stick":563,"apocalypsenow:cooked_human_flesh":3,"minecraft:iron_ingot":36,"minecraft:iron_pickaxe":1,"minecraft:oak_stairs":8,"minecraft:stonecutter":1,"iceandfire:silver_pickaxe":2,"minecraft:torch":108,"iceandfire:silver_sword":2,"minecraft:shears":1},"minecraft:broken":{"minecraft:stone_hoe":2,"minecraft:wooden_pickaxe":1,"minecraft:stone_pickaxe":7,"minecraft:stone_axe":1,"minecraft:stone_shovel":2},"minecraft:used":{"minecraft:beetroot":13,"minecraft:oak_trapdoor":11,"biomesoplenty:redwood_door":2,"iceandfire:silver_sword":29,"minecraft:stone_shovel":439,"biomesoplenty:redwood_planks":39,"minecraft:dried_kelp":2,"minecraft:ladder":76,"farmersdelight:cabbage_seeds":3,"minecraft:chest":8,"minecraft:rotten_flesh":4,"minecraft:stone_hoe":322,"minecraft:oak_door":7,"minecraft:torch":77,"minecraft:dirt":107,"minecraft:cocoa_beans":25,"minecraft:jungle_planks":64,"minecraft:carrot":1,"minecraft:granite":10,"farmersdelight:tomato":2,"minecraft:oak_stairs":6,"minecraft:jungle_log":17,"apocalypsenow:construction_axe":163,"minecraft:oak_sapling":14,"minecraft:furnace":8,"minecraft:beetroot_seeds":29,"biomesoplenty:redwood_trapdoor":5,"farmersdelight:tomato_seeds":6,"minecraft:oak_chest_boat":4,"minecraft:wheat_seeds":22,"minecraft:water_bucket":1,"minecraft:diorite":7,"minecraft:stone_pickaxe":1039,"minecraft:oak_planks":42,"minecraft:copper_block":2,"minecraft:wooden_pickaxe":60,"minecraft:stonecutter":1,"minecraft:sugar_cane":19,"minecraft:jungle_boat":1,"minecraft:glow_berries":21,"minecraft:sand":25,"minecraft:crafting_table":11,"minecraft:red_bed":4,"iceandfire:silver_pickaxe":112,"minecraft:apple":1,"minecraft:iron_pickaxe":34,"minecraft:melon_slice":2,"supplementaries:flax_seeds":22,"jeg:scrap_workbench":2,"minecraft:stone_axe":270,"minecraft:wooden_sword":43,"minecraft:cobblestone":284,"minecraft:jungle_door":3,"minecraft:bucket":1,"minecraft:andesite":3,"minecraft:coarse_dirt":1,"minecraft:bone_meal":19},"minecraft:custom":{"minecraft:mob_kills":37,"minecraft:interact_with_crafting_table":65,"minecraft:leave_game":5,"minecraft:time_since_death":0,"minecraft:climb_one_cm":58313,"minecraft:sprint_one_cm":2373,"minecraft:walk_one_cm":667844,"minecraft:drop":5,"minecraft:deaths":12,"minecraft:play_time":251452,"minecraft:sneak_time":1883,"minecraft:walk_under_water_one_cm":113288,"minecraft:boat_one_cm":431380,"minecraft:jump":1143,"minecraft:walk_on_water_one_cm":153274,"minecraft:total_world_time":251452,"minecraft:interact_with_furnace":53,"minecraft:interact_with_stonecutter":1,"minecraft:sleep_in_bed":10,"minecraft:time_since_rest":21,"minecraft:waystone_activated":1,"minecraft:damage_taken":4508,"minecraft:trigger_trapped_chest":2,"minecraft:damage_dealt":6455,"minecraft:player_kills":2,"minecraft:fly_one_cm":3650,"minecraft:swim_one_cm":2570,"minecraft:open_chest":115,"minecraft:crouch_one_cm":2103,"minecraft:fall_one_cm":25708},"minecraft:killed_by":{"minecraft:creeper":1,"hordes:zombie_player":1,"minecraft:drowned":1,"iceandfire:sea_serpent":1,"apocalypsenow:runner_51":1,"iceandfire:ghost":1},"minecraft:killed":{"undead_revamp2:bigsucker":2,"hordes:zombie_player":2,"apocalypsenow:looter_1":2,"apocalypsenow:runner_37":1,"apocalypsenow:runner_35":1,"minecraft:phantom":1,"minecraft:skeleton":1,"alexsmobs:banana_slug":1,"apocalypsenow:runner_41":1,"apocalypsenow:runner_45":1,"born_in_chaos_v1:corpse_fish":1,"apocalypsenow:runner_34":1,"undead_revamp2:sucker":1,"alexsmobs:flying_fish":2,"minecraft:creeper":1,"laendli_transport:crab":2,"born_in_chaos_v1:zombie_fisherman":1,"minecraft:zombie":1,"iceandfire:ghost":2,"born_in_chaos_v1:dread_hound":1,"born_in_chaos_v1:corpse_fly":1,"apocalypsenow:runner_43":2,"apocalypsenow:runner_44":1,"iceandfire:sea_serpent":1},"minecraft:mined":{"iceandfire:silver_ore":14,"farmersdelight:wild_carrots":1,"minecraft:jungle_leaves":22,"minecraft:glow_lichen":1,"minecraft:cave_vines_plant":1,"minecraft:ladder":2,"minecraft:granite":159,"biomesoplenty:bush":8,"minecraft:grass_block":17,"minecraft:jungle_planks":15,"born_in_chaos_v1:black_argillite":2,"minecraft:jungle_log":159,"farmersdelight:tomatoes":1,"farmersdelight:wild_cabbages":3,"minecraft:moss_block":7,"minecraft:sandstone":1,"minecraft:redstone_ore":7,"minecraft:oak_trapdoor":3,"minecraft:iron_ore":40,"supplementaries:flax":17,"minecraft:andesite":47,"minecraft:deepslate_lapis_ore":3,"minecraft:big_dripleaf_stem":1,"minecraft:vine":10,"biomesoplenty:high_grass":22,"minecraft:cave_vines":5,"biomesoplenty:redwood_log":7,"minecraft:bamboo":2,"minecraft:stone":565,"minecraft:podzol":7,"minecraft:deepslate_redstone_ore":1,"biomesoplenty:redwood_planks":3,"jeg:scrap_ore":64,"minecraft:jungle_door":1,"born_in_chaos_v1:marigolds":3,"minecraft:red_bed":4,"minecraft:dandelion":2,"minecraft:crafting_table":5,"minecraft:clay":169,"minecraft:poppy":1,"minecraft:melon":1,"supplementaries:wild_flax":6,"biomesoplenty:high_grass_plant":65,"minecraft:tall_grass":8,"minecraft:copper_ore":34,"minecraft:cobblestone":34,"minecraft:lapis_ore":5,"biomesoplenty:huge_clover_petal":6,"minecraft:oak_planks":3,"minecraft:sugar_cane":23,"minecraft:diorite":64,"minecraft:big_dripleaf":2,"minecraft:wall_torch":6,"supplementaries:urn":3,"farmersdelight:wild_beetroots":28,"farmersdelight:sandy_shrub":9,"minecraft:coarse_dirt":1,"minecraft:wheat":6,"minecraft:lilac":38,"minecraft:wither_rose":1,"minecraft:grass":88,"biomesoplenty:clover":22,"minecraft:oak_log":42,"minecraft:coal_ore":170,"minecraft:beetroots":16,"minecraft:cocoa":12,"biomesoplenty:redwood_leaves":1,"minecraft:gravel":154,"minecraft:sand":25,"minecraft:dirt":86,"minecraft:cobweb":1,"minecraft:deepslate":1,"biomesoplenty:redwood_wood":67,"minecraft:oak_leaves":283,"minecraft:fern":1},"minecraft:dropped":{"minecraft:cobblestone":1,"born_in_chaos_v1:rotten_fish":1,"vinery:jungle_grapes_white":4,"minecraft:bamboo":1,"minecraft:stone_pickaxe":1},"minecraft:picked_up":{"biomesoplenty:redwood_log":7,"minecraft:cocoa_beans":34,"minecraft:coarse_dirt":1,"minecraft:crafting_table":5,"minecraft:wheat":4,"minecraft:ladder":114,"minecraft:clay_ball":676,"minecraft:wither_rose":2,"iceandfire:sea_serpent_scales_blue":8,"born_in_chaos_v1:black_argillite":2,"minecraft:raw_copper":129,"iceandfire:manuscript":7,"minecraft:string":4,"minecraft:oak_trapdoor":3,"minecraft:red_bed":4,"minecraft:wooden_sword":1,"minecraft:beetroot":57,"minecraft:gold_nugget":6,"minecraft:cobbled_deepslate":1,"farmersdelight:cabbage":2,"born_in_chaos_v1:gnawed_bones":1,"minecraft:poppy":1,"biomesoplenty:redwood_wood":66,"minecraft:melon_slice":5,"minecraft:sugar_cane":57,"farmersdelight:cabbage_seeds":3,"minecraft:sandstone":1,"minecraft:raw_iron":50,"minecraft:stick":12,"undead_revamp2:suckermemebrane":2,"minecraft:big_dripleaf":5,"minecraft:copper_ingot":1,"minecraft:torch":45,"minecraft:dried_kelp":2,"farmersdelight:tomato_seeds":4,"minecraft:diorite":64,"minecraft:carrot":3,"minecraft:redstone":70,"supplementaries:flax":14,"minecraft:stone_shovel":2,"minecraft:arrow":4,"biomesoplenty:redwood_planks":65,"minecraft:rotten_flesh":26,"iceandfire:silver_ingot":2,"minecraft:beetroot_seeds":83,"apocalypsenow:construction_axe":3,"culturaldelights:squid":2,"minecraft:oak_chest_boat":3,"biomesoplenty:redwood_sapling":3,"minecraft:glow_berries":14,"alexsmobs:flying_fish":2,"minecraft:skeleton_skull":1,"minecraft:white_wool":2,"minecraft:cobblestone":755,"minecraft:jungle_boat":2,"minecraft:lilac":38,"iceandfire:sea_serpent_fang":4,"minecraft:andesite":49,"minecraft:jungle_log":158,"biomesoplenty:redwood_door":1,"minecraft:flint":15,"minecraft:tuff":1,"minecraft:oak_log":42,"supplementaries:flax_seeds":41,"jeg:scrap":145,"minecraft:lapis_lazuli":58,"farmersdelight:tomato":7,"minecraft:dirt":123,"born_in_chaos_v1:marigolds":3,"minecraft:bone":6,"minecraft:apple":3,"apocalypsenow:human_flesh":27,"minecraft:wheat_seeds":36,"minecraft:stone_pickaxe":2,"minecraft:bamboo":16,"minecraft:moss_block":7,"jeg:tech_trash":19,"minecraft:oak_planks":2,"vinery:jungle_grapes_white":28,"minecraft:dandelion":2,"minecraft:gravel":197,"minecraft:jungle_planks":17,"minecraft:sand":25,"iceandfire:silver_pickaxe":4,"vinery:jungle_grapes_red":2,"iceandfire:silver_sword":2,"minecraft:stone_axe":2,"minecraft:granite":216,"minecraft:bone_meal":2,"alexsmobs:banana_slug_slime":2,"born_in_chaos_v1:rotten_fish":5,"minecraft:oak_sapling":14,"minecraft:coal":191,"iceandfire:raw_silver":19}},"DataVersion":3465}