{"stats":{"minecraft:used":{"minecraft:oak_trapdoor":5,"minecraft:stone_shovel":39,"minecraft:stone_pickaxe":214,"minecraft:ladder":9,"minecraft:oak_planks":1,"minecraft:chest":2,"minecraft:wooden_pickaxe":60,"minecraft:jungle_boat":1,"minecraft:oak_door":2,"minecraft:torch":15,"minecraft:sand":25,"minecraft:cocoa_beans":25,"minecraft:crafting_table":4,"minecraft:jungle_planks":64,"minecraft:granite":10,"minecraft:melon_slice":2,"minecraft:jungle_log":17,"jeg:scrap_workbench":1,"minecraft:stone_axe":224,"minecraft:wooden_sword":38,"minecraft:cobblestone":7,"minecraft:furnace":3,"minecraft:jungle_door":3},"minecraft:mined":{"jeg:scrap_ore":20,"minecraft:jungle_door":1,"born_in_chaos_v1:marigolds":3,"minecraft:jungle_leaves":22,"minecraft:dandelion":2,"minecraft:crafting_table":1,"minecraft:granite":22,"minecraft:poppy":1,"minecraft:melon":1,"minecraft:jungle_planks":15,"minecraft:jungle_log":157,"supplementaries:wild_flax":2,"minecraft:copper_ore":7,"minecraft:lapis_ore":1,"minecraft:moss_block":4,"minecraft:oak_planks":1,"minecraft:diorite":3,"minecraft:sandstone":1,"minecraft:wall_torch":1,"minecraft:oak_trapdoor":1,"minecraft:iron_ore":9,"minecraft:andesite":5,"minecraft:grass":3,"minecraft:oak_log":9,"minecraft:coal_ore":11,"minecraft:vine":8,"minecraft:cocoa":12,"minecraft:gravel":40,"minecraft:sand":25,"minecraft:bamboo":2,"minecraft:stone":185,"minecraft:oak_leaves":1},"minecraft:killed":{"hordes:zombie_player":1,"apocalypsenow:looter_1":1,"apocalypsenow:runner_35":1,"minecraft:phantom":1,"apocalypsenow:runner_41":1,"apocalypsenow:runner_43":2,"apocalypsenow:runner_44":1,"born_in_chaos_v1:corpse_fish":1},"minecraft:crafted":{"minecraft:oak_door":6,"minecraft:oak_planks":36,"minecraft:stone_shovel":2,"minecraft:crafting_table":3,"minecraft:jungle_boat":1,"minecraft:wooden_pickaxe":2,"minecraft:iron_sword":1,"minecraft:furnace":3,"minecraft:stone_axe":2,"minecraft:oak_trapdoor":4,"minecraft:air":0,"jeg:scrap_block":1,"minecraft:jungle_planks":176,"minecraft:jungle_door":3,"minecraft:charcoal":9,"jeg:scrap_workbench":1,"minecraft:ladder":33,"minecraft:melon_seeds":3,"minecraft:stick":175,"minecraft:iron_pickaxe":1,"minecraft:iron_ingot":5,"minecraft:stone_pickaxe":3,"minecraft:chest":2,"minecraft:torch":16},"minecraft:picked_up":{"minecraft:cocoa_beans":34,"minecraft:crafting_table":1,"minecraft:andesite":5,"minecraft:jungle_log":156,"minecraft:flint":3,"minecraft:oak_log":9,"supplementaries:flax_seeds":2,"jeg:scrap":35,"minecraft:lapis_lazuli":8,"minecraft:oak_trapdoor":1,"minecraft:raw_copper":28,"minecraft:wooden_sword":1,"born_in_chaos_v1:marigolds":3,"minecraft:wheat_seeds":1,"apocalypsenow:human_flesh":2,"minecraft:moss_block":4,"minecraft:poppy":1,"minecraft:bamboo":15,"minecraft:melon_slice":5,"jeg:tech_trash":7,"minecraft:stick":2,"minecraft:raw_iron":9,"minecraft:sandstone":1,"vinery:jungle_grapes_white":4,"minecraft:torch":1,"minecraft:dandelion":2,"minecraft:gravel":28,"minecraft:sand":25,"minecraft:jungle_planks":17,"minecraft:diorite":3,"minecraft:rotten_flesh":5,"vinery:jungle_grapes_red":2,"minecraft:granite":22,"born_in_chaos_v1:rotten_fish":1,"minecraft:coal":11,"minecraft:cobblestone":185},"minecraft:broken":{"minecraft:stone_pickaxe":1,"minecraft:stone_axe":1,"minecraft:wooden_pickaxe":1},"minecraft:dropped":{"vinery:jungle_grapes_white":4},"minecraft:custom":{"minecraft:interact_with_furnace":10,"minecraft:mob_kills":9,"minecraft:interact_with_crafting_table":17,"minecraft:time_since_death":8104,"minecraft:climb_one_cm":9859,"minecraft:time_since_rest":8150,"minecraft:sprint_one_cm":1113,"minecraft:damage_taken":350,"minecraft:walk_one_cm":155834,"minecraft:drop":1,"minecraft:damage_dealt":1236,"minecraft:swim_one_cm":78,"minecraft:fly_one_cm":552,"minecraft:player_kills":2,"minecraft:open_chest":11,"minecraft:crouch_one_cm":1516,"minecraft:deaths":1,"minecraft:play_time":65663,"minecraft:sneak_time":820,"minecraft:walk_under_water_one_cm":18379,"minecraft:boat_one_cm":38989,"minecraft:jump":342,"minecraft:walk_on_water_one_cm":35942,"minecraft:total_world_time":65663,"minecraft:fall_one_cm":6044}},"DataVersion":3465}