{"stats":{"minecraft:crafted":{"minecraft:crafting_table":1,"minecraft:spruce_planks":12,"minecraft:stick":4},"minecraft:picked_up":{"minecraft:spruce_log":3},"minecraft:used":{"alexsmobs:animal_dictionary":1,"minecraft:crafting_table":1},"minecraft:custom":{"minecraft:jump":8,"minecraft:time_since_rest":4526,"minecraft:walk_on_water_one_cm":527,"minecraft:damage_taken":20,"minecraft:play_time":4526,"minecraft:time_since_death":4526,"minecraft:walk_one_cm":4494,"minecraft:total_world_time":4526,"minecraft:fall_one_cm":484},"minecraft:mined":{"minecraft:spruce_log":3}},"DataVersion":3465}