{"stats":{"minecraft:crafted":{"minecraft:oak_door":6,"minecraft:oak_planks":68,"minecraft:stone_shovel":2,"minecraft:furnace":6,"minecraft:oak_trapdoor":4,"jeg:scrap_workbench":1,"minecraft:melon_seeds":3,"minecraft:ladder":33,"minecraft:stone_pickaxe":8,"minecraft:chest":5,"minecraft:crafting_table":5,"minecraft:jungle_boat":1,"minecraft:wooden_pickaxe":2,"minecraft:iron_sword":2,"minecraft:stone_axe":2,"minecraft:jungle_planks":228,"minecraft:air":0,"jeg:scrap_block":1,"minecraft:jungle_door":9,"minecraft:oak_boat":1,"minecraft:oak_chest_boat":1,"minecraft:string":10,"minecraft:white_wool":2,"minecraft:charcoal":9,"minecraft:stick":187,"minecraft:iron_pickaxe":1,"minecraft:iron_ingot":7,"minecraft:torch":68},"minecraft:broken":{"minecraft:wooden_pickaxe":1,"minecraft:stone_pickaxe":3,"minecraft:stone_axe":1,"minecraft:stone_shovel":1},"minecraft:used":{"minecraft:oak_trapdoor":5,"minecraft:stone_shovel":262,"minecraft:dried_kelp":2,"minecraft:ladder":9,"minecraft:chest":4,"minecraft:oak_door":6,"minecraft:torch":33,"minecraft:dirt":36,"minecraft:cocoa_beans":25,"minecraft:jungle_planks":64,"minecraft:granite":10,"farmersdelight:tomato":1,"minecraft:jungle_log":17,"apocalypsenow:construction_axe":63,"minecraft:furnace":6,"minecraft:oak_chest_boat":1,"minecraft:diorite":7,"minecraft:stone_pickaxe":465,"minecraft:oak_planks":1,"minecraft:wooden_pickaxe":60,"minecraft:jungle_boat":1,"minecraft:glow_berries":21,"minecraft:sand":25,"minecraft:crafting_table":7,"minecraft:red_bed":2,"minecraft:iron_pickaxe":34,"minecraft:melon_slice":2,"supplementaries:flax_seeds":11,"jeg:scrap_workbench":1,"minecraft:stone_axe":226,"minecraft:wooden_sword":43,"minecraft:cobblestone":119,"minecraft:jungle_door":3,"minecraft:andesite":3,"minecraft:coarse_dirt":1},"minecraft:custom":{"minecraft:mob_kills":22,"minecraft:interact_with_crafting_table":28,"minecraft:leave_game":3,"minecraft:time_since_death":22451,"minecraft:climb_one_cm":12357,"minecraft:sprint_one_cm":1401,"minecraft:walk_one_cm":380255,"minecraft:drop":4,"minecraft:play_time":137932,"minecraft:deaths":4,"minecraft:sneak_time":1378,"minecraft:walk_under_water_one_cm":64434,"minecraft:boat_one_cm":338732,"minecraft:jump":757,"minecraft:walk_on_water_one_cm":95333,"minecraft:total_world_time":137932,"minecraft:interact_with_furnace":16,"minecraft:sleep_in_bed":1,"minecraft:time_since_rest":11691,"minecraft:waystone_activated":1,"minecraft:damage_taken":1260,"minecraft:trigger_trapped_chest":2,"minecraft:damage_dealt":3608,"minecraft:swim_one_cm":562,"minecraft:player_kills":2,"minecraft:fly_one_cm":1602,"minecraft:open_chest":31,"minecraft:crouch_one_cm":2055,"minecraft:fall_one_cm":10722},"minecraft:killed_by":{"apocalypsenow:runner_51":1,"iceandfire:ghost":1},"minecraft:killed":{"undead_revamp2:bigsucker":2,"hordes:zombie_player":1,"apocalypsenow:looter_1":2,"apocalypsenow:runner_37":1,"apocalypsenow:runner_35":1,"minecraft:phantom":1,"minecraft:skeleton":1,"apocalypsenow:runner_41":1,"apocalypsenow:runner_45":1,"born_in_chaos_v1:corpse_fish":1,"undead_revamp2:sucker":1,"laendli_transport:crab":2,"born_in_chaos_v1:zombie_fisherman":1,"iceandfire:ghost":2,"apocalypsenow:runner_43":2,"apocalypsenow:runner_44":1},"minecraft:mined":{"iceandfire:silver_ore":4,"farmersdelight:wild_carrots":1,"minecraft:jungle_leaves":22,"minecraft:cave_vines_plant":1,"minecraft:granite":22,"biomesoplenty:bush":8,"minecraft:grass_block":1,"minecraft:jungle_planks":15,"born_in_chaos_v1:black_argillite":2,"minecraft:jungle_log":159,"farmersdelight:wild_cabbages":3,"minecraft:moss_block":7,"minecraft:sandstone":1,"minecraft:oak_trapdoor":1,"minecraft:iron_ore":11,"supplementaries:flax":12,"minecraft:andesite":5,"minecraft:big_dripleaf_stem":1,"minecraft:vine":10,"minecraft:cave_vines":5,"minecraft:bamboo":2,"minecraft:stone":256,"minecraft:podzol":7,"jeg:scrap_ore":36,"minecraft:jungle_door":1,"born_in_chaos_v1:marigolds":3,"minecraft:red_bed":3,"minecraft:dandelion":2,"minecraft:crafting_table":3,"minecraft:clay":169,"minecraft:melon":1,"minecraft:poppy":1,"supplementaries:wild_flax":6,"minecraft:copper_ore":21,"minecraft:cobblestone":12,"minecraft:lapis_ore":1,"minecraft:sugar_cane":10,"minecraft:oak_planks":1,"minecraft:diorite":13,"minecraft:wall_torch":4,"minecraft:big_dripleaf":2,"supplementaries:urn":2,"farmersdelight:wild_beetroots":28,"farmersdelight:sandy_shrub":9,"minecraft:coarse_dirt":1,"minecraft:lilac":38,"minecraft:wither_rose":1,"minecraft:grass":16,"minecraft:oak_log":17,"minecraft:coal_ore":146,"minecraft:cocoa":12,"minecraft:gravel":48,"minecraft:sand":25,"minecraft:dirt":35,"minecraft:cobweb":1,"minecraft:oak_leaves":4,"minecraft:fern":1},"minecraft:dropped":{"born_in_chaos_v1:rotten_fish":1,"vinery:jungle_grapes_white":4,"minecraft:bamboo":1,"minecraft:stone_pickaxe":1},"minecraft:picked_up":{"minecraft:cocoa_beans":34,"minecraft:coarse_dirt":1,"minecraft:crafting_table":3,"minecraft:clay_ball":676,"minecraft:wither_rose":1,"born_in_chaos_v1:black_argillite":2,"minecraft:string":1,"minecraft:oak_trapdoor":1,"minecraft:red_bed":3,"minecraft:raw_copper":81,"minecraft:wooden_sword":1,"minecraft:beetroot":7,"farmersdelight:cabbage":1,"minecraft:poppy":1,"minecraft:melon_slice":5,"minecraft:sugar_cane":15,"farmersdelight:cabbage_seeds":3,"undead_revamp2:suckermemebrane":2,"minecraft:stick":2,"minecraft:raw_iron":11,"minecraft:sandstone":1,"minecraft:big_dripleaf":5,"minecraft:torch":6,"minecraft:dried_kelp":2,"farmersdelight:tomato_seeds":1,"minecraft:diorite":13,"minecraft:carrot":1,"supplementaries:flax":10,"minecraft:arrow":2,"minecraft:rotten_flesh":9,"minecraft:beetroot_seeds":28,"apocalypsenow:construction_axe":1,"culturaldelights:squid":2,"minecraft:glow_berries":13,"minecraft:skeleton_skull":1,"minecraft:cobblestone":266,"minecraft:jungle_boat":1,"minecraft:lilac":38,"minecraft:andesite":5,"minecraft:jungle_log":158,"minecraft:flint":4,"minecraft:oak_log":17,"supplementaries:flax_seeds":27,"jeg:scrap":67,"minecraft:lapis_lazuli":8,"farmersdelight:tomato":1,"minecraft:dirt":43,"born_in_chaos_v1:marigolds":3,"minecraft:bone":6,"minecraft:wheat_seeds":2,"apocalypsenow:human_flesh":12,"minecraft:bamboo":16,"minecraft:moss_block":7,"jeg:tech_trash":10,"vinery:jungle_grapes_white":16,"minecraft:dandelion":2,"minecraft:gravel":35,"minecraft:sand":25,"minecraft:jungle_planks":17,"vinery:jungle_grapes_red":2,"minecraft:granite":22,"minecraft:bone_meal":1,"minecraft:oak_sapling":2,"born_in_chaos_v1:rotten_fish":3,"minecraft:coal":146,"iceandfire:raw_silver":4}},"DataVersion":3465}