{"stats":{"minecraft:crafted":{"minecraft:oak_door":9,"minecraft:oak_planks":168,"minecraft:stone_shovel":6,"minecraft:lightning_rod":1,"minecraft:furnace":8,"minecraft:stone":11,"minecraft:bone_meal":18,"minecraft:oak_trapdoor":8,"biomesoplenty:redwood_trapdoor":8,"jeg:scrap_workbench":2,"minecraft:ladder":177,"minecraft:melon_seeds":3,"minecraft:cobblestone_wall":42,"minecraft:stone_pickaxe":11,"minecraft:chest":10,"minecraft:copper_block":2,"minecraft:stone_hoe":4,"farmersdelight:tomato_seeds":2,"minecraft:cauldron":1,"iceandfire:silver_ingot":12,"biomesoplenty:redwood_door":3,"minecraft:crafting_table":8,"minecraft:jungle_boat":1,"biomesoplenty:redwood_planks":292,"minecraft:wooden_pickaxe":2,"minecraft:iron_sword":2,"biomesoplenty:redwood_fence_gate":1,"minecraft:copper_ingot":29,"minecraft:bucket":2,"minecraft:stone_axe":4,"minecraft:air":0,"jeg:scrap_block":3,"minecraft:jungle_planks":228,"minecraft:oak_boat":1,"minecraft:jungle_door":9,"minecraft:oak_chest_boat":1,"biomesoplenty:redwood_boat":1,"minecraft:string":10,"minecraft:white_wool":2,"minecraft:charcoal":9,"minecraft:stick":595,"apocalypsenow:cooked_human_flesh":3,"minecraft:iron_ingot":36,"minecraft:iron_pickaxe":1,"minecraft:oak_stairs":8,"minecraft:iron_shovel":2,"minecraft:stonecutter":1,"minecraft:torch":108,"iceandfire:silver_pickaxe":2,"iceandfire:silver_sword":2,"minecraft:shears":1},"minecraft:broken":{"minecraft:stone_hoe":2,"minecraft:wooden_pickaxe":1,"minecraft:stone_pickaxe":7,"minecraft:stone_axe":1,"minecraft:stone_shovel":2},"minecraft:used":{"minecraft:beetroot":16,"minecraft:oak_trapdoor":11,"biomesoplenty:redwood_door":2,"iceandfire:silver_sword":31,"minecraft:iron_shovel":28,"minecraft:stone_shovel":439,"biomesoplenty:redwood_planks":39,"minecraft:dried_kelp":2,"minecraft:ladder":76,"farmersdelight:cabbage_seeds":3,"minecraft:chest":8,"minecraft:stone_hoe":362,"minecraft:rotten_flesh":4,"minecraft:oak_door":7,"minecraft:torch":77,"minecraft:dirt":109,"minecraft:cocoa_beans":25,"minecraft:jungle_planks":64,"minecraft:cobblestone_wall":28,"minecraft:carrot":1,"minecraft:granite":10,"farmersdelight:tomato":2,"minecraft:oak_stairs":6,"minecraft:jungle_log":17,"biomesoplenty:redwood_boat":1,"apocalypsenow:construction_axe":163,"minecraft:furnace":8,"minecraft:oak_sapling":14,"minecraft:beetroot_seeds":29,"biomesoplenty:redwood_trapdoor":11,"farmersdelight:tomato_seeds":6,"minecraft:oak_chest_boat":5,"minecraft:wheat_seeds":22,"minecraft:water_bucket":1,"minecraft:diorite":7,"minecraft:stone_pickaxe":1045,"minecraft:oak_planks":42,"minecraft:copper_block":2,"minecraft:wooden_pickaxe":60,"minecraft:stonecutter":1,"minecraft:sugar_cane":19,"minecraft:jungle_boat":1,"minecraft:glow_berries":21,"minecraft:sand":25,"minecraft:crafting_table":13,"minecraft:red_bed":4,"iceandfire:silver_pickaxe":129,"waystones:waystone":2,"minecraft:apple":2,"minecraft:iron_pickaxe":34,"minecraft:melon_slice":2,"minecraft:stone_axe":273,"supplementaries:flax_seeds":22,"jeg:scrap_workbench":2,"minecraft:wooden_sword":43,"minecraft:cobblestone":284,"minecraft:jungle_door":3,"minecraft:bucket":1,"minecraft:andesite":3,"minecraft:coarse_dirt":1,"minecraft:bone_meal":19},"minecraft:custom":{"minecraft:mob_kills":37,"minecraft:animals_bred":1,"minecraft:interact_with_crafting_table":70,"minecraft:leave_game":6,"minecraft:time_since_death":20937,"minecraft:climb_one_cm":58437,"minecraft:sprint_one_cm":20382,"minecraft:walk_one_cm":777228,"minecraft:drop":7,"minecraft:play_time":275256,"minecraft:deaths":17,"minecraft:sneak_time":1961,"minecraft:walk_under_water_one_cm":119682,"minecraft:boat_one_cm":500138,"minecraft:jump":1315,"minecraft:walk_on_water_one_cm":156763,"minecraft:total_world_time":275256,"minecraft:interact_with_furnace":54,"minecraft:interact_with_stonecutter":1,"minecraft:sleep_in_bed":10,"minecraft:time_since_rest":20966,"minecraft:waystone_activated":5,"minecraft:damage_taken":6198,"minecraft:trigger_trapped_chest":2,"minecraft:damage_dealt":6501,"minecraft:fly_one_cm":7465,"minecraft:swim_one_cm":4265,"minecraft:player_kills":2,"minecraft:open_chest":133,"minecraft:crouch_one_cm":2169,"minecraft:interact_with_smoker":2,"minecraft:fall_one_cm":26461},"minecraft:killed_by":{"minecraft:creeper":1,"hordes:zombie_player":1,"minecraft:drowned":1,"iceandfire:sea_serpent":6,"apocalypsenow:runner_51":1,"iceandfire:ghost":1},"minecraft:killed":{"undead_revamp2:bigsucker":2,"hordes:zombie_player":2,"apocalypsenow:looter_1":2,"apocalypsenow:runner_37":1,"apocalypsenow:runner_35":1,"minecraft:phantom":1,"minecraft:skeleton":1,"alexsmobs:banana_slug":1,"apocalypsenow:runner_41":1,"apocalypsenow:runner_45":1,"born_in_chaos_v1:corpse_fish":1,"undead_revamp2:sucker":1,"apocalypsenow:runner_34":1,"alexsmobs:flying_fish":2,"minecraft:creeper":1,"laendli_transport:crab":2,"born_in_chaos_v1:zombie_fisherman":1,"minecraft:zombie":1,"iceandfire:ghost":2,"born_in_chaos_v1:dread_hound":1,"born_in_chaos_v1:corpse_fly":1,"apocalypsenow:runner_43":2,"apocalypsenow:runner_44":1,"iceandfire:sea_serpent":1},"minecraft:mined":{"iceandfire:silver_ore":14,"farmersdelight:wild_carrots":1,"minecraft:jungle_leaves":22,"minecraft:glow_lichen":1,"minecraft:cave_vines_plant":1,"minecraft:ladder":2,"minecraft:granite":159,"biomesoplenty:bush":8,"minecraft:grass_block":17,"minecraft:jungle_planks":15,"born_in_chaos_v1:black_argillite":2,"minecraft:jungle_log":159,"farmersdelight:tomatoes":1,"farmersdelight:wild_cabbages":3,"minecraft:moss_block":7,"biomesoplenty:redwood_trapdoor":3,"minecraft:sandstone":1,"biomesoplenty:dune_grass":5,"minecraft:redstone_ore":7,"minecraft:oak_trapdoor":3,"minecraft:iron_ore":40,"supplementaries:flax":17,"minecraft:andesite":47,"minecraft:deepslate_lapis_ore":3,"minecraft:big_dripleaf_stem":1,"biomesoplenty:sea_oats":10,"minecraft:vine":10,"biomesoplenty:high_grass":22,"minecraft:cave_vines":5,"biomesoplenty:redwood_log":7,"minecraft:bamboo":2,"minecraft:stone":582,"minecraft:podzol":7,"minecraft:deepslate_redstone_ore":1,"biomesoplenty:redwood_planks":3,"jeg:scrap_ore":64,"minecraft:jungle_door":1,"born_in_chaos_v1:marigolds":3,"minecraft:red_bed":4,"minecraft:dandelion":2,"minecraft:crafting_table":5,"minecraft:clay":169,"minecraft:poppy":1,"minecraft:melon":1,"supplementaries:wild_flax":6,"biomesoplenty:high_grass_plant":65,"minecraft:copper_ore":34,"minecraft:tall_grass":13,"minecraft:cobblestone":34,"minecraft:lapis_ore":5,"biomesoplenty:huge_clover_petal":6,"minecraft:oak_planks":3,"minecraft:sugar_cane":23,"minecraft:diorite":64,"minecraft:big_dripleaf":2,"minecraft:wall_torch":6,"biomesoplenty:goldenrod":16,"supplementaries:urn":3,"farmersdelight:wild_beetroots":28,"farmersdelight:sandy_shrub":9,"minecraft:coarse_dirt":6,"minecraft:cobblestone_wall":2,"minecraft:wheat":6,"minecraft:lilac":38,"minecraft:wither_rose":1,"minecraft:grass":101,"biomesoplenty:clover":22,"minecraft:oak_log":42,"minecraft:coal_ore":170,"minecraft:beetroots":16,"minecraft:cocoa":12,"biomesoplenty:redwood_leaves":1,"minecraft:gravel":158,"minecraft:sand":25,"minecraft:dirt":105,"minecraft:cobweb":1,"vinery:apple_leaves":40,"biomesoplenty:redwood_wood":67,"minecraft:oak_leaves":283,"minecraft:deepslate":1,"minecraft:fern":1},"minecraft:dropped":{"minecraft:cobblestone":1,"born_in_chaos_v1:rotten_fish":1,"vinery:jungle_grapes_white":4,"vinery:apple_tree_sapling":3,"minecraft:bamboo":1,"minecraft:stone_pickaxe":1,"waystones:waystone":1},"minecraft:picked_up":{"biomesoplenty:redwood_log":7,"minecraft:cocoa_beans":34,"minecraft:crafting_table":5,"minecraft:coarse_dirt":6,"minecraft:wheat":4,"minecraft:ladder":114,"minecraft:clay_ball":676,"minecraft:wither_rose":2,"biomesoplenty:sea_oats":8,"minecraft:raw_copper":129,"iceandfire:sea_serpent_scales_blue":8,"born_in_chaos_v1:black_argillite":2,"minecraft:string":4,"iceandfire:manuscript":7,"minecraft:oak_trapdoor":3,"minecraft:red_bed":4,"minecraft:wooden_sword":1,"minecraft:beetroot":57,"minecraft:gold_nugget":6,"minecraft:cobbled_deepslate":1,"vinery:apple_tree_sapling":3,"farmersdelight:cabbage":5,"born_in_chaos_v1:gnawed_bones":1,"minecraft:poppy":1,"biomesoplenty:redwood_wood":66,"minecraft:melon_slice":5,"minecraft:sugar_cane":62,"farmersdelight:cabbage_seeds":8,"undead_revamp2:suckermemebrane":2,"minecraft:stick":12,"minecraft:raw_iron":50,"minecraft:sandstone":1,"minecraft:big_dripleaf":5,"minecraft:copper_ingot":1,"minecraft:torch":45,"minecraft:dried_kelp":2,"farmersdelight:tomato_seeds":6,"minecraft:diorite":64,"minecraft:carrot":3,"minecraft:redstone":70,"supplementaries:flax":14,"minecraft:stone_shovel":2,"biomesoplenty:redwood_planks":65,"minecraft:arrow":4,"minecraft:rotten_flesh":26,"iceandfire:silver_ingot":2,"minecraft:beetroot_seeds":83,"apocalypsenow:construction_axe":3,"biomesoplenty:redwood_trapdoor":3,"culturaldelights:squid":2,"minecraft:oak_chest_boat":5,"biomesoplenty:redwood_sapling":3,"minecraft:glow_berries":14,"alexsmobs:flying_fish":2,"minecraft:skeleton_skull":1,"minecraft:white_wool":2,"minecraft:cobblestone":772,"minecraft:jungle_boat":2,"minecraft:lilac":38,"iceandfire:sea_serpent_fang":4,"minecraft:jungle_log":158,"minecraft:andesite":49,"biomesoplenty:goldenrod":15,"biomesoplenty:redwood_door":1,"minecraft:flint":16,"minecraft:tuff":1,"minecraft:oak_log":42,"supplementaries:flax_seeds":47,"biomesoplenty:dune_grass":5,"jeg:scrap":145,"minecraft:lapis_lazuli":58,"farmersdelight:tomato":7,"minecraft:dirt":142,"born_in_chaos_v1:marigolds":3,"minecraft:bone":6,"minecraft:apple":26,"minecraft:kelp":33,"apocalypsenow:human_flesh":32,"minecraft:wheat_seeds":44,"minecraft:stone_pickaxe":2,"minecraft:bamboo":16,"minecraft:moss_block":7,"jeg:tech_trash":19,"minecraft:oak_planks":2,"vinery:jungle_grapes_white":28,"minecraft:dandelion":2,"minecraft:gravel":200,"minecraft:sand":25,"minecraft:jungle_planks":17,"iceandfire:silver_pickaxe":4,"vinery:jungle_grapes_red":2,"minecraft:stone_axe":2,"iceandfire:silver_sword":2,"waystones:waystone":4,"minecraft:granite":216,"minecraft:bone_meal":2,"alexsmobs:banana_slug_slime":2,"born_in_chaos_v1:rotten_fish":5,"minecraft:oak_sapling":14,"minecraft:coal":191,"iceandfire:raw_silver":19}},"DataVersion":3465}