{"stats":{"minecraft:crafted":{"minecraft:oak_planks":192,"minecraft:lightning_rod":1,"minecraft:stone":11,"minecraft:melon_seeds":3,"minecraft:chest":10,"minecraft:copper_block":2,"minecraft:stone_hoe":5,"farmersdelight:tomato_seeds":2,"minecraft:cauldron":1,"minecraft:cooked_porkchop":3,"vinery:dark_cherry_planks":28,"minecraft:crafting_table":8,"minecraft:jungle_boat":1,"minecraft:wooden_pickaxe":2,"minecraft:copper_ingot":29,"biomesoplenty:redwood_boat":1,"minecraft:string":10,"minecraft:charcoal":9,"minecraft:stick":607,"minecraft:iron_pickaxe":1,"minecraft:iron_ingot":36,"iceandfire:silver_sword":2,"minecraft:shears":1,"minecraft:oak_door":9,"minecraft:stone_shovel":6,"minecraft:furnace":8,"minecraft:bone_meal":18,"minecraft:oak_trapdoor":8,"biomesoplenty:redwood_trapdoor":8,"jeg:scrap_workbench":2,"minecraft:ladder":177,"minecraft:stone_pickaxe":11,"minecraft:cobblestone_wall":180,"iceandfire:silver_ingot":12,"biomesoplenty:redwood_door":3,"biomesoplenty:redwood_planks":292,"minecraft:iron_sword":2,"biomesoplenty:redwood_fence_gate":1,"minecraft:bucket":2,"minecraft:stone_axe":4,"minecraft:jungle_planks":228,"minecraft:air":0,"jeg:scrap_block":3,"minecraft:oak_fence_gate":1,"minecraft:oak_boat":1,"minecraft:jungle_door":9,"minecraft:oak_chest_boat":1,"minecraft:white_wool":2,"apocalypsenow:cooked_human_flesh":3,"minecraft:oak_stairs":8,"minecraft:iron_shovel":2,"minecraft:stonecutter":1,"minecraft:torch":108,"iceandfire:silver_pickaxe":2},"minecraft:broken":{"minecraft:stone_pickaxe":7,"minecraft:stone_axe":1,"minecraft:stone_shovel":2,"minecraft:stone_hoe":3,"minecraft:wooden_pickaxe":1},"minecraft:used":{"minecraft:beetroot":19,"minecraft:iron_shovel":28,"farmersdelight:cabbage_seeds":3,"minecraft:ladder":76,"minecraft:chest":9,"minecraft:rotten_flesh":4,"minecraft:cocoa_beans":25,"minecraft:jungle_planks":64,"minecraft:carrot":7,"farmersdelight:tomato":2,"apocalypsenow:construction_axe":163,"minecraft:furnace":8,"minecraft:oak_sapling":14,"minecraft:beetroot_seeds":49,"biomesoplenty:redwood_trapdoor":11,"minecraft:oak_chest_boat":6,"minecraft:diorite":7,"biomesoplenty:redwood_fence_gate":1,"minecraft:stone_pickaxe":1058,"minecraft:oak_planks":42,"minecraft:wooden_pickaxe":60,"minecraft:sugar_cane":19,"minecraft:jungle_boat":1,"minecraft:glow_berries":21,"minecraft:sand":25,"iceandfire:silver_pickaxe":129,"waystones:waystone":3,"minecraft:melon_slice":2,"supplementaries:flax_seeds":33,"minecraft:wooden_sword":43,"minecraft:andesite":3,"minecraft:coarse_dirt":1,"minecraft:bone_meal":19,"minecraft:oak_trapdoor":11,"biomesoplenty:redwood_door":2,"iceandfire:silver_sword":81,"minecraft:stone_shovel":532,"biomesoplenty:redwood_planks":41,"minecraft:dried_kelp":2,"minecraft:stone_hoe":494,"minecraft:oak_door":7,"minecraft:torch":77,"minecraft:dirt":208,"minecraft:cobblestone_wall":138,"minecraft:granite":10,"minecraft:oak_fence_gate":1,"minecraft:oak_stairs":6,"minecraft:jungle_log":17,"biomesoplenty:redwood_boat":1,"farmersdelight:tomato_seeds":8,"vinery:red_grape":2,"minecraft:wheat_seeds":63,"minecraft:water_bucket":3,"minecraft:copper_block":2,"minecraft:stonecutter":1,"minecraft:crafting_table":14,"minecraft:red_bed":4,"minecraft:apple":5,"minecraft:iron_pickaxe":34,"jeg:scrap_workbench":2,"minecraft:stone_axe":296,"minecraft:cobblestone":284,"vinery:cherry":1,"minecraft:cooked_porkchop":1,"minecraft:jungle_door":3,"minecraft:bucket":4},"minecraft:custom":{"minecraft:animals_bred":2,"minecraft:interact_with_crafting_table":78,"minecraft:leave_game":8,"minecraft:time_since_death":57386,"minecraft:sprint_one_cm":26717,"minecraft:drop":9,"minecraft:talked_to_villager":2,"minecraft:play_time":311705,"minecraft:deaths":17,"minecraft:jump":1414,"minecraft:walk_on_water_one_cm":164230,"minecraft:interact_with_furnace":58,"minecraft:sleep_in_bed":12,"minecraft:waystone_activated":6,"minecraft:damage_dealt":7800,"minecraft:player_kills":2,"minecraft:crouch_one_cm":2169,"minecraft:interact_with_smoker":3,"minecraft:mob_kills":45,"minecraft:climb_one_cm":58437,"minecraft:walk_one_cm":983321,"minecraft:sneak_time":1975,"minecraft:walk_under_water_one_cm":121294,"minecraft:boat_one_cm":579009,"minecraft:total_world_time":311705,"minecraft:interact_with_stonecutter":2,"minecraft:time_since_rest":9482,"minecraft:damage_taken":6430,"minecraft:trigger_trapped_chest":2,"minecraft:swim_one_cm":6633,"minecraft:fly_one_cm":15608,"minecraft:open_chest":156,"minecraft:fall_one_cm":26461},"minecraft:killed_by":{"minecraft:creeper":1,"minecraft:drowned":1,"iceandfire:sea_serpent":6,"hordes:zombie_player":1,"apocalypsenow:runner_51":1,"iceandfire:ghost":1},"minecraft:killed":{"apocalypsenow:runner_49":1,"minecraft:skeleton":1,"alexsmobs:banana_slug":1,"apocalypsenow:runner_41":1,"apocalypsenow:runner_45":1,"minecraft:pig":1,"apocalypsenow:runner_54":1,"minecraft:creeper":1,"laendli_transport:crab":2,"born_in_chaos_v1:zombie_fisherman":1,"minecraft:zombie":1,"born_in_chaos_v1:dread_hound":1,"born_in_chaos_v1:corpse_fly":1,"apocalypsenow:runner_43":2,"apocalypsenow:runner_44":1,"iceandfire:sea_serpent":1,"undead_revamp2:bigsucker":2,"hordes:zombie_player":2,"apocalypsenow:looter_1":2,"apocalypsenow:runner_37":1,"alexsmobs:seagull":1,"apocalypsenow:runner_35":1,"minecraft:phantom":1,"born_in_chaos_v1:corpse_fish":1,"undead_revamp2:sucker":1,"apocalypsenow:runner_34":1,"alexsmobs:flying_fish":2,"apocalypsenow:runner_40":2,"apocalypsenow:runner_52":1,"iceandfire:ghost":2,"apocalypsenow:runner_48":1},"minecraft:mined":{"undead_revamp2:arapholia":1,"vinery:dark_cherry_leaves":49,"minecraft:jungle_leaves":22,"minecraft:cave_vines_plant":1,"minecraft:granite":159,"minecraft:grass_block":81,"minecraft:jungle_log":159,"minecraft:oxeye_daisy":2,"vinery:apple_log":6,"minecraft:iron_ore":40,"minecraft:deepslate_lapis_ore":3,"minecraft:cave_vines":5,"biomesoplenty:redwood_log":7,"minecraft:deepslate_redstone_ore":1,"minecraft:jungle_door":1,"minecraft:red_bed":4,"minecraft:clay":169,"minecraft:melon":1,"minecraft:poppy":3,"supplementaries:wild_flax":6,"minecraft:cobblestone":34,"minecraft:sugar_cane":23,"minecraft:oak_planks":3,"minecraft:wall_torch":6,"biomesoplenty:goldenrod":16,"farmersdelight:sandy_shrub":9,"minecraft:wheat":6,"minecraft:lilac":38,"born_in_chaos_v1:river_mint":24,"minecraft:wither_rose":1,"minecraft:grass":181,"biomesoplenty:clover":22,"minecraft:oak_log":42,"minecraft:beetroots":16,"minecraft:sand":25,"minecraft:dirt":127,"vinery:apple_leaves":44,"minecraft:oak_leaves":283,"minecraft:deepslate":1,"iceandfire:silver_ore":14,"farmersdelight:wild_carrots":1,"minecraft:glow_lichen":1,"minecraft:ladder":2,"biomesoplenty:bush":8,"minecraft:jungle_planks":15,"born_in_chaos_v1:black_argillite":2,"farmersdelight:tomatoes":1,"farmersdelight:wild_cabbages":3,"minecraft:moss_block":7,"biomesoplenty:redwood_trapdoor":3,"minecraft:sandstone":1,"biomesoplenty:dune_grass":5,"minecraft:redstone_ore":7,"minecraft:oak_trapdoor":3,"supplementaries:flax":17,"minecraft:andesite":47,"minecraft:big_dripleaf_stem":1,"biomesoplenty:sea_oats":10,"biomesoplenty:high_grass":22,"minecraft:vine":10,"minecraft:bamboo":2,"minecraft:stone":582,"minecraft:podzol":7,"biomesoplenty:redwood_planks":5,"jeg:scrap_ore":64,"born_in_chaos_v1:marigolds":16,"vinery:dark_cherry_log":7,"minecraft:dandelion":14,"minecraft:cornflower":1,"minecraft:crafting_table":6,"biomesoplenty:high_grass_plant":65,"minecraft:copper_ore":34,"minecraft:tall_grass":16,"biomesoplenty:huge_clover_petal":6,"minecraft:lapis_ore":5,"minecraft:diorite":64,"minecraft:big_dripleaf":2,"supplementaries:urn":3,"farmersdelight:wild_beetroots":28,"minecraft:coarse_dirt":6,"minecraft:cobblestone_wall":15,"minecraft:coal_ore":170,"minecraft:cocoa":12,"biomesoplenty:redwood_leaves":1,"minecraft:gravel":158,"minecraft:cobweb":1,"biomesoplenty:redwood_wood":67,"minecraft:fern":1},"minecraft:dropped":{"minecraft:feather":2,"minecraft:cobblestone":1,"born_in_chaos_v1:rotten_fish":1,"vinery:jungle_grapes_white":4,"biomesoplenty:dune_grass":5,"vinery:apple_tree_sapling":3,"minecraft:bamboo":1,"minecraft:stone_pickaxe":1,"waystones:waystone":1},"minecraft:picked_up":{"vinery:red_grape":2,"minecraft:wheat":4,"minecraft:wither_rose":2,"born_in_chaos_v1:black_argillite":2,"iceandfire:manuscript":7,"minecraft:string":4,"minecraft:raw_copper":129,"minecraft:beetroot":57,"minecraft:gold_nugget":6,"minecraft:cobbled_deepslate":1,"farmersdelight:cabbage":5,"biomesoplenty:redwood_wood":66,"minecraft:melon_slice":5,"farmersdelight:cabbage_seeds":8,"minecraft:stick":14,"undead_revamp2:suckermemebrane":2,"minecraft:big_dripleaf":5,"minecraft:torch":45,"minecraft:porkchop":3,"minecraft:dried_kelp":2,"minecraft:diorite":64,"supplementaries:flax":14,"minecraft:rotten_flesh":32,"biomesoplenty:redwood_trapdoor":3,"vinery:dark_cherry_log":7,"undead_revamp2:arapholia":1,"vinery:apple_log":6,"alexsmobs:flying_fish":2,"minecraft:cobblestone":772,"minecraft:feather":4,"minecraft:lilac":38,"minecraft:andesite":49,"minecraft:jungle_log":158,"biomesoplenty:redwood_door":1,"minecraft:flint":16,"minecraft:tuff":1,"supplementaries:flax_seeds":47,"jeg:scrap":145,"farmersdelight:tomato":7,"minecraft:lapis_lazuli":58,"minecraft:dirt":228,"born_in_chaos_v1:marigolds":15,"minecraft:bone":6,"minecraft:wheat_seeds":58,"apocalypsenow:human_flesh":32,"minecraft:bamboo":16,"minecraft:moss_block":7,"minecraft:oak_planks":2,"vinery:dark_cherry_sapling":4,"minecraft:jungle_planks":17,"minecraft:sand":25,"vinery:jungle_grapes_red":2,"waystones:waystone":4,"minecraft:granite":216,"minecraft:bone_meal":2,"minecraft:oak_sapling":14,"alexsmobs:banana_slug_slime":2,"born_in_chaos_v1:rotten_fish":5,"iceandfire:raw_silver":19,"biomesoplenty:redwood_log":7,"minecraft:cocoa_beans":34,"minecraft:coarse_dirt":6,"minecraft:crafting_table":6,"born_in_chaos_v1:river_mint":24,"minecraft:ladder":114,"minecraft:clay_ball":676,"biomesoplenty:sea_oats":8,"iceandfire:sea_serpent_scales_blue":8,"minecraft:cornflower":1,"minecraft:oak_trapdoor":3,"minecraft:red_bed":4,"minecraft:wooden_sword":1,"vinery:apple_tree_sapling":3,"born_in_chaos_v1:gnawed_bones":1,"vinery:cherry":17,"minecraft:poppy":3,"minecraft:sugar_cane":62,"minecraft:raw_iron":50,"minecraft:sandstone":1,"minecraft:copper_ingot":1,"farmersdelight:tomato_seeds":6,"minecraft:carrot":3,"minecraft:redstone":70,"biomesoplenty:redwood_planks":67,"iceandfire:silver_ingot":2,"minecraft:arrow":4,"minecraft:stone_shovel":2,"minecraft:beetroot_seeds":83,"apocalypsenow:construction_axe":3,"culturaldelights:squid":2,"minecraft:oak_chest_boat":5,"biomesoplenty:redwood_sapling":3,"minecraft:glow_berries":14,"minecraft:skeleton_skull":1,"minecraft:white_wool":2,"minecraft:oxeye_daisy":2,"minecraft:jungle_boat":2,"iceandfire:sea_serpent_fang":4,"vinery:rotten_cherry":3,"biomesoplenty:goldenrod":15,"minecraft:oak_log":42,"biomesoplenty:dune_grass":10,"minecraft:cobblestone_wall":15,"minecraft:apple":38,"minecraft:kelp":33,"minecraft:stone_pickaxe":2,"jeg:tech_trash":19,"vinery:jungle_grapes_white":28,"minecraft:dandelion":12,"minecraft:gravel":200,"iceandfire:silver_pickaxe":4,"minecraft:stone_axe":2,"iceandfire:silver_sword":2,"minecraft:coal":191}},"DataVersion":3465}