{"stats":{"minecraft:crafted":{"minecraft:wooden_sword":1,"minecraft:oak_planks":24,"minecraft:stone_pickaxe":1,"minecraft:chest":2,"minecraft:cooked_cod":6,"minecraft:crafting_table":4,"minecraft:wooden_pickaxe":1,"minecraft:air":0,"minecraft:jungle_planks":56,"minecraft:stick":16,"minecraft:iron_pickaxe":1,"minecraft:wooden_axe":1,"minecraft:stone_sword":1,"minecraft:white_bed":2},"minecraft:broken":{"minecraft:wooden_sword":1},"minecraft:used":{"minecraft:stone_sword":24,"minecraft:chest":2,"minecraft:iron_sword":129,"minecraft:rotten_flesh":1,"minecraft:jungle_planks":26,"vinery:savanna_grapes_white":7,"minecraft:granite":1,"born_in_chaos_v1:corpse_maggot":1,"minecraft:wooden_axe":37,"minecraft:bamboo":10,"apocalypsenow:fire_axe":18,"apocalypsenow:chocolate_bar":4,"minecraft:oak_sapling":1,"minecraft:cooked_cod":6,"minecraft:skeleton_skull":1,"apocalypsenow:red_crowbar":1,"minecraft:stone_pickaxe":81,"minecraft:oak_planks":4,"minecraft:wooden_pickaxe":23,"minecraft:jungle_boat":2,"minecraft:white_wool":2,"minecraft:crafting_table":5,"bakery:strawberry":7,"minecraft:white_bed":2,"minecraft:melon_slice":148,"born_in_chaos_v1:marigolds":1,"minecraft:wooden_sword":52,"minecraft:cobblestone":42,"minecraft:andesite":15,"apocalypsenow:human_flesh":1},"minecraft:custom":{"minecraft:mob_kills":56,"minecraft:interact_with_crafting_table":10,"minecraft:leave_game":2,"minecraft:time_since_death":23690,"minecraft:climb_one_cm":11656,"minecraft:sprint_one_cm":448697,"minecraft:walk_one_cm":306145,"minecraft:drop":28,"minecraft:damage_dealt_absorbed":40,"minecraft:sneak_time":7348,"minecraft:play_time":209084,"minecraft:deaths":9,"minecraft:walk_under_water_one_cm":47384,"minecraft:boat_one_cm":448140,"minecraft:jump":2531,"minecraft:walk_on_water_one_cm":46510,"minecraft:total_world_time":209084,"minecraft:interact_with_furnace":8,"minecraft:sleep_in_bed":4,"minecraft:time_since_rest":2997,"minecraft:waystone_activated":1,"minecraft:damage_taken":5209,"minecraft:trigger_trapped_chest":1,"minecraft:damage_dealt":8525,"minecraft:swim_one_cm":307434,"minecraft:fly_one_cm":489442,"minecraft:open_chest":40,"minecraft:crouch_one_cm":10620,"minecraft:fall_one_cm":65718,"minecraft:inspect_dispenser":3},"minecraft:killed_by":{"minecraft:player":1,"undead_revamp2:sucker":3,"undead_revamp2:the_moonflower":1,"apocalypsenow:looter_1":2},"minecraft:killed":{"alexsmobs:lobster":1,"undead_revamp2:bigsucker":1,"hordes:zombie_player":1,"apocalypsenow:looter_1":2,"apocalypsenow:runner_49":2,"minecraft:spider":1,"minecraft:cod":6,"alexsmobs:seagull":1,"apocalypsenow:runner_35":2,"apocalypsenow:horde_2":1,"minecraft:skeleton":3,"apocalypsenow:runner_41":2,"apocalypsenow:runner_42":1,"apocalypsenow:runner_45":1,"born_in_chaos_v1:corpse_fish":4,"apocalypsenow:runner_53":1,"apocalypsenow:runner_38":2,"undead_revamp2:sucker":1,"alexsmobs:flying_fish":2,"apocalypsenow:runner_52":1,"undead_revamp2:the_moonflower":3,"apocalypsenow:runner_54":1,"born_in_chaos_v1:decrepit_skeleton":1,"laendli_transport:crab":1,"minecraft:zombie":2,"iceandfire:ghost":3,"apocalypsenow:runner_48":1,"born_in_chaos_v1:corpse_fly":1,"apocalypsenow:runner_47":2,"apocalypsenow:runner_44":2,"apocalypsenow:runner_36":1,"apocalypsenow:runner_55":1},"minecraft:mined":{"iceandfire:graveyard_soil":3,"minecraft:mossy_cobblestone":6,"minecraft:jungle_leaves":3,"biomesoplenty:desert_grass":1,"minecraft:granite":1,"minecraft:grass_block":12,"minecraft:jungle_planks":8,"minecraft:jungle_log":14,"minecraft:redstone_wire":1,"minecraft:large_fern":1,"minecraft:andesite":15,"iceandfire:gold_pile":30,"minecraft:vine":7,"minecraft:bamboo":2,"minecraft:stone":54,"minecraft:tripwire":2,"born_in_chaos_v1:marigolds":1,"minecraft:crafting_table":1,"bakery:wild_strawberries":7,"minecraft:melon":51,"minecraft:tall_grass":1,"minecraft:copper_ore":4,"minecraft:cobblestone":2,"farmersdelight:wild_tomatoes":1,"farmersdelight:wild_beetroots":4,"biomesoplenty:huge_lily_pad":1,"minecraft:birch_leaves":2,"biomesoplenty:waterlily":1,"minecraft:grass":13,"minecraft:oak_log":14,"apocalypsenow:paperstrash":1,"minecraft:gravel":3,"minecraft:dirt":37,"minecraft:tripwire_hook":1,"minecraft:oak_leaves":28,"minecraft:fern":36},"minecraft:dropped":{"apocalypsenow:human_flesh":8,"minecraft:oak_log":16,"minecraft:stick":4,"apocalypsenow:papertrash":1,"farmersdelight:onion":2,"minecraft:bone_meal":1,"minecraft:wooden_sword":1,"minecraft:iron_nugget":1,"minecraft:stone_sword":2,"alexscaves:cave_tablet":1,"minecraft:beetroot":1,"minecraft:rotten_flesh":4,"minecraft:filled_map":1,"minecraft:beetroot_seeds":2},"minecraft:picked_up":{"minecraft:crafting_table":1,"alexscaves:cave_tablet":2,"biomesoplenty:huge_lily_pad":1,"minecraft:string":4,"minecraft:raw_copper":20,"minecraft:wooden_sword":1,"minecraft:beetroot":1,"minecraft:gold_nugget":270,"apocalypsenow:fire_axe":1,"minecraft:melon_slice":268,"undead_revamp2:suckermemebrane":2,"farmersdelight:tomato_seeds":1,"minecraft:redstone":1,"minecraft:stone_sword":1,"minecraft:arrow":5,"minecraft:rotten_flesh":26,"minecraft:beetroot_seeds":4,"apocalypsenow:chocolate_bar":4,"culturaldelights:squid":1,"minecraft:cod":6,"minecraft:white_wool":18,"alexsmobs:flying_fish":2,"minecraft:cobblestone":59,"born_in_chaos_v1:corpse_maggot":1,"minecraft:jungle_boat":2,"minecraft:feather":1,"minecraft:tripwire_hook":1,"minecraft:jungle_log":14,"minecraft:andesite":15,"minecraft:oak_log":30,"iceandfire:ectoplasm":2,"vinery:savanna_grapes_white":7,"minecraft:dirt":49,"born_in_chaos_v1:marigolds":1,"minecraft:bone":4,"undead_revamp2:blacpetalblock":1,"minecraft:wheat_seeds":5,"apocalypsenow:human_flesh":9,"minecraft:bamboo":25,"apocalypsenow:red_crowbar":1,"bakery:strawberry":7,"biomesoplenty:waterlily":1,"minecraft:jungle_planks":39,"minecraft:mossy_cobblestone":4,"apocalypsenow:papertrash":1,"minecraft:granite":1,"minecraft:bone_meal":4,"minecraft:oak_sapling":1,"born_in_chaos_v1:rotten_fish":1}},"DataVersion":3465}