{"stats":{"minecraft:used":{"minecraft:wooden_axe":3,"born_in_chaos_v1:corpse_maggot":1,"minecraft:stone_pickaxe":51,"minecraft:oak_planks":4,"minecraft:wooden_pickaxe":9,"minecraft:rotten_flesh":1,"minecraft:wooden_sword":16,"minecraft:crafting_table":2,"minecraft:cooked_cod":6,"minecraft:oak_sapling":1,"vinery:savanna_grapes_white":7,"minecraft:andesite":2,"bakery:strawberry":7,"minecraft:granite":1},"minecraft:mined":{"biomesoplenty:huge_lily_pad":1,"biomesoplenty:desert_grass":1,"minecraft:andesite":14,"minecraft:crafting_table":1,"biomesoplenty:waterlily":1,"minecraft:granite":1,"minecraft:grass":3,"bakery:wild_strawberries":7,"minecraft:oak_log":5,"minecraft:vine":1,"minecraft:jungle_log":2,"minecraft:copper_ore":4,"minecraft:tall_grass":1,"farmersdelight:wild_tomatoes":1,"minecraft:stone":41,"minecraft:oak_leaves":7},"minecraft:killed":{"laendli_transport:crab":1,"undead_revamp2:bigsucker":1,"born_in_chaos_v1:corpse_fly":1,"minecraft:cod":6},"minecraft:crafted":{"minecraft:cooked_cod":6,"minecraft:wooden_sword":1,"minecraft:oak_planks":20,"minecraft:crafting_table":1,"minecraft:stick":12,"minecraft:wooden_pickaxe":1,"minecraft:stone_pickaxe":1,"minecraft:wooden_axe":1,"minecraft:air":0,"minecraft:jungle_planks":8},"minecraft:picked_up":{"minecraft:crafting_table":1,"born_in_chaos_v1:corpse_maggot":1,"bakery:strawberry":7,"biomesoplenty:waterlily":1,"minecraft:andesite":14,"minecraft:jungle_log":2,"biomesoplenty:huge_lily_pad":1,"farmersdelight:tomato_seeds":1,"minecraft:oak_log":5,"minecraft:raw_copper":20,"vinery:savanna_grapes_white":7,"minecraft:wooden_sword":1,"minecraft:rotten_flesh":1,"minecraft:granite":1,"minecraft:bone_meal":2,"minecraft:oak_sapling":1,"minecraft:cod":6,"minecraft:cobblestone":41},"minecraft:dropped":{"minecraft:wooden_sword":1,"minecraft:stick":3},"minecraft:custom":{"minecraft:interact_with_furnace":7,"minecraft:time_since_rest":31424,"minecraft:sprint_one_cm":73674,"minecraft:damage_taken":646,"minecraft:walk_one_cm":61766,"minecraft:mob_kills":9,"minecraft:drop":2,"minecraft:damage_dealt":837,"minecraft:interact_with_crafting_table":2,"minecraft:swim_one_cm":87907,"minecraft:fly_one_cm":91044,"minecraft:open_chest":2,"minecraft:play_time":39363,"minecraft:deaths":1,"minecraft:sneak_time":279,"minecraft:walk_under_water_one_cm":14719,"minecraft:jump":434,"minecraft:leave_game":1,"minecraft:walk_on_water_one_cm":14600,"minecraft:time_since_death":31382,"minecraft:total_world_time":39363,"minecraft:climb_one_cm":1192,"minecraft:fall_one_cm":11321}},"DataVersion":3465}