{"stats":{"minecraft:crafted":{"minecraft:wooden_sword":1,"minecraft:oak_planks":64,"minecraft:furnace":1,"minecraft:cooked_mutton":42,"minecraft:stone_pickaxe":1,"minecraft:chest":3,"minecraft:cooked_cod":6,"minecraft:crafting_table":6,"minecraft:iron_sword":1,"minecraft:wooden_pickaxe":1,"minecraft:bread":9,"minecraft:bucket":1,"minecraft:birch_planks":24,"minecraft:air":0,"minecraft:jungle_planks":56,"minecraft:iron_chestplate":1,"minecraft:iron_ingot":26,"apocalypsenow:cooked_human_flesh":7,"minecraft:stick":32,"minecraft:iron_pickaxe":4,"minecraft:wooden_axe":1,"minecraft:stone_sword":1,"minecraft:iron_leggings":1,"minecraft:white_bed":2,"minecraft:torch":32},"minecraft:broken":{"minecraft:stone_pickaxe":1,"minecraft:leather_boots":1,"minecraft:wooden_sword":1,"minecraft:iron_pickaxe":1,"apocalypsenow:fire_axe":1,"minecraft:iron_sword":1},"minecraft:used":{"minecraft:stone_sword":24,"minecraft:chest":3,"minecraft:spruce_planks":1,"minecraft:iron_sword":390,"minecraft:rotten_flesh":4,"minecraft:iron_chestplate":1,"minecraft:torch":26,"minecraft:dirt":102,"minecraft:jungle_planks":44,"vinery:savanna_grapes_white":7,"minecraft:carrot":3,"minecraft:granite":1,"minecraft:stripped_spruce_log":1,"minecraft:milk_bucket":16,"born_in_chaos_v1:corpse_maggot":4,"minecraft:wooden_axe":37,"born_in_chaos_v1:smoked_flesh":7,"minecraft:bamboo":10,"apocalypsenow:chocolate_bar":4,"apocalypsenow:fire_axe":48,"supplementaries:ash":1,"minecraft:furnace":1,"minecraft:oak_sapling":1,"minecraft:cooked_cod":6,"minecraft:skeleton_skull":1,"apocalypsenow:us_army_helmet":1,"minecraft:iron_leggings":1,"minecraft:cooked_mutton":29,"apocalypsenow:red_crowbar":1,"minecraft:polished_andesite":2,"minecraft:stone_pickaxe":137,"minecraft:oak_planks":32,"minecraft:wooden_pickaxe":23,"minecraft:jungle_boat":2,"minecraft:white_wool":2,"born_in_chaos_v1:black_argillite_brick_stairs":4,"minecraft:crafting_table":9,"minecraft:mushroom_stew":1,"minecraft:cod":2,"bakery:strawberry":7,"minecraft:white_bed":3,"minecraft:apple":1,"minecraft:bread":8,"minecraft:melon_slice":251,"minecraft:iron_pickaxe":398,"minecraft:suspicious_stew":1,"minecraft:gravel":1,"born_in_chaos_v1:marigolds":1,"minecraft:wooden_sword":52,"minecraft:cobblestone":134,"minecraft:poisonous_potato":1,"minecraft:andesite":17,"apocalypsenow:human_flesh":1},"minecraft:custom":{"minecraft:mob_kills":115,"minecraft:interact_with_crafting_table":23,"minecraft:open_barrel":18,"minecraft:damage_dealt_resisted":1165,"minecraft:leave_game":7,"minecraft:time_since_death":15236,"minecraft:climb_one_cm":11700,"minecraft:damage_resisted":190,"minecraft:sprint_one_cm":716640,"minecraft:walk_one_cm":624854,"minecraft:drop":46,"minecraft:damage_dealt_absorbed":40,"minecraft:play_time":374210,"minecraft:deaths":16,"minecraft:sneak_time":13429,"minecraft:walk_under_water_one_cm":94648,"minecraft:boat_one_cm":448140,"minecraft:jump":4687,"minecraft:interact_with_blast_furnace":1,"minecraft:walk_on_water_one_cm":81943,"minecraft:total_world_time":374210,"minecraft:interact_with_furnace":18,"minecraft:sleep_in_bed":12,"minecraft:time_since_rest":2135,"minecraft:waystone_activated":1,"minecraft:damage_taken":9360,"minecraft:trigger_trapped_chest":1,"minecraft:damage_dealt":19028,"minecraft:fly_one_cm":725211,"minecraft:swim_one_cm":391730,"minecraft:open_chest":79,"minecraft:crouch_one_cm":21263,"minecraft:fall_one_cm":130198,"minecraft:inspect_dispenser":3},"minecraft:killed_by":{"undead_revamp2:sucker":4,"minecraft:player":1,"undead_revamp2:the_moonflower":1,"born_in_chaos_v1:nightmare_stalker":1,"minecraft:creeper":1,"apocalypsenow:looter_1":2},"minecraft:killed":{"alexsmobs:lobster":1,"undead_revamp2:bigsucker":1,"hordes:zombie_player":4,"apocalypsenow:military_01":1,"apocalypsenow:looter_1":8,"born_in_chaos_v1:door_knight_not_despawn":1,"apocalypsenow:runner_37":1,"apocalypsenow:runner_49":2,"minecraft:spider":6,"undead_revamp2:thesmoker":1,"minecraft:cod":6,"alexsmobs:seagull":1,"apocalypsenow:runner_35":3,"born_in_chaos_v1:maggot":7,"apocalypsenow:horde_2":2,"minecraft:skeleton":5,"apocalypsenow:runner_41":3,"apocalypsenow:runner_42":1,"apocalypsenow:runner_46":1,"apocalypsenow:runner_45":2,"apocalypsenow:runner_53":1,"born_in_chaos_v1:corpse_fish":4,"apocalypsenow:runner_38":3,"undead_revamp2:sucker":2,"alexsmobs:flying_fish":2,"laendli_transport:slabcrab":1,"born_in_chaos_v1:swarmer":1,"undead_revamp2:the_moonflower":4,"apocalypsenow:runner_52":2,"apocalypsenow:runner_54":1,"born_in_chaos_v1:decrepit_skeleton":3,"laendli_transport:crab":1,"undead_revamp2:thesomnolence":1,"minecraft:zombie":10,"iceandfire:ghost":3,"born_in_chaos_v1:corpse_fly":9,"apocalypsenow:runner_48":1,"apocalypsenow:runner_47":2,"apocalypsenow:runner_44":2,"apocalypsenow:runner_36":1,"alexsmobs:fly":1,"apocalypsenow:runner_51":1,"apocalypsenow:runner_55":1},"minecraft:mined":{"alexscaves:spelunkery_table":1,"minecraft:spruce_planks":1,"minecraft:white_bed":1,"iceandfire:graveyard_soil":3,"iceandfire:silver_ore":4,"minecraft:mossy_cobblestone":9,"minecraft:andesite_stairs":1,"biomesoplenty:desert_grass":1,"minecraft:jungle_leaves":3,"minecraft:cave_vines_plant":1,"born_in_chaos_v1:infected_diamond_ore":1,"biomesoplenty:bush":4,"minecraft:granite":1,"minecraft:grass_block":46,"minecraft:jungle_planks":11,"minecraft:jungle_log":14,"minecraft:redstone_wire":1,"minecraft:moss_block":3,"minecraft:spawner":3,"minecraft:large_fern":1,"minecraft:iron_ore":26,"born_in_chaos_v1:black_argillite_brick_stairs":4,"minecraft:andesite":18,"minecraft:stripped_spruce_log":2,"minecraft:moss_carpet":2,"minecraft:deepslate_iron_ore":4,"minecraft:bookshelf":1,"minecraft:bell":1,"minecraft:vine":7,"iceandfire:gold_pile":30,"minecraft:lantern":1,"minecraft:bamboo":2,"minecraft:stone":213,"minecraft:spruce_slab":1,"minecraft:tripwire":2,"jeg:scrap_ore":7,"born_in_chaos_v1:marigolds":1,"minecraft:crafting_table":4,"minecraft:torch":1,"bakery:wild_strawberries":7,"minecraft:emerald_ore":4,"minecraft:melon":51,"minecraft:cobblestone":22,"minecraft:copper_ore":4,"minecraft:tall_grass":2,"minecraft:wall_torch":1,"minecraft:diorite":10,"farmersdelight:wild_tomatoes":1,"minecraft:oak_planks":1,"born_in_chaos_v1:black_argillite_button":1,"vinery:white_grape_bush":1,"supplementaries:urn":2,"minecraft:spruce_stairs":1,"farmersdelight:wild_beetroots":4,"biomesoplenty:huge_lily_pad":1,"minecraft:dark_oak_slab":1,"minecraft:birch_log":25,"minecraft:lilac":1,"minecraft:birch_leaves":4,"born_in_chaos_v1:river_mint":3,"biomesoplenty:waterlily":1,"minecraft:stone_brick_stairs":1,"minecraft:grass":22,"minecraft:oak_log":16,"minecraft:coal_ore":166,"apocalypsenow:paperstrash":1,"minecraft:gravel":5,"minecraft:sand":53,"minecraft:dirt":79,"minecraft:tripwire_hook":1,"minecraft:polished_andesite":2,"minecraft:oak_leaves":36,"minecraft:deepslate":14,"minecraft:fern":36},"minecraft:dropped":{"apocalypsenow:human_flesh":9,"minecraft:stripped_spruce_log":1,"minecraft:moss_block":5,"minecraft:wheat_seeds":1,"minecraft:oak_log":16,"minecraft:mossy_cobblestone":3,"minecraft:cobblestone":1,"vinery:white_grape_seeds":2,"minecraft:spruce_stairs":1,"minecraft:stick":4,"apocalypsenow:papertrash":1,"born_in_chaos_v1:fused_bone":1,"minecraft:wooden_sword":1,"minecraft:bone_meal":1,"farmersdelight:onion":2,"minecraft:bone":1,"minecraft:moss_carpet":5,"minecraft:sugar_cane":3,"minecraft:iron_nugget":1,"minecraft:stone_sword":2,"minecraft:bowl":2,"alexscaves:cave_tablet":1,"minecraft:beetroot":1,"minecraft:rotten_flesh":4,"minecraft:oak_planks":1,"minecraft:filled_map":1,"minecraft:andesite":1,"minecraft:beetroot_seeds":2},"minecraft:picked_up":{"minecraft:wheat":4,"born_in_chaos_v1:diamond_termite_shard":1,"apocalypsenow:us_army_helmet":3,"minecraft:crafting_table":4,"born_in_chaos_v1:river_mint":3,"alexscaves:cave_tablet":2,"biomesoplenty:huge_lily_pad":1,"minecraft:stone_brick_stairs":1,"minecraft:raw_copper":20,"minecraft:string":7,"minecraft:moss_carpet":5,"minecraft:wooden_sword":1,"minecraft:beetroot":1,"minecraft:cobbled_deepslate":14,"minecraft:gold_nugget":270,"minecraft:bucket":3,"minecraft:spruce_planks":1,"apocalypsenow:fire_axe":2,"minecraft:iron_pickaxe":3,"minecraft:melon_slice":301,"minecraft:sugar_cane":3,"minecraft:raw_iron":30,"undead_revamp2:suckermemebrane":2,"minecraft:torch":92,"minecraft:spruce_stairs":1,"farmersdelight:tomato_seeds":1,"minecraft:diorite":10,"born_in_chaos_v1:black_argillite_brick_stairs":4,"minecraft:redstone":1,"minecraft:arrow":6,"minecraft:rotten_flesh":52,"minecraft:stone_sword":1,"minecraft:beetroot_seeds":4,"apocalypsenow:chocolate_bar":4,"vinery:white_grape_seeds":2,"alexscaves:spelunkery_table":1,"culturaldelights:squid":1,"apocalypsenow:black_football_armor_helmet":1,"supplementaries:ash":1,"born_in_chaos_v1:trident_hayfork":4,"minecraft:glow_berries":4,"minecraft:cod":8,"alexsmobs:flying_fish":2,"minecraft:white_wool":18,"minecraft:cobblestone":329,"born_in_chaos_v1:fused_bone":1,"minecraft:birch_log":25,"born_in_chaos_v1:corpse_maggot":14,"minecraft:jungle_boat":2,"minecraft:feather":1,"minecraft:tripwire_hook":1,"minecraft:jungle_log":14,"minecraft:andesite":18,"apocalypsenow:canadian_army_chestplate":3,"minecraft:flint":4,"supplementaries:flax_seeds":2,"minecraft:oak_log":32,"born_in_chaos_v1:black_argillite_button":1,"iceandfire:ectoplasm":2,"jeg:scrap":14,"vinery:savanna_grapes_white":7,"minecraft:dirt":155,"minecraft:lantern":1,"minecraft:cooked_mutton":23,"born_in_chaos_v1:marigolds":1,"minecraft:leather_boots":3,"minecraft:bone":16,"undead_revamp2:blacpetalblock":1,"apocalypsenow:human_flesh":26,"minecraft:wheat_seeds":10,"minecraft:bell":1,"jeg:tech_trash":1,"minecraft:bamboo":25,"minecraft:oak_planks":1,"minecraft:moss_block":4,"apocalypsenow:red_crowbar":1,"minecraft:iron_sword":3,"minecraft:book":3,"bakery:strawberry":7,"biomesoplenty:waterlily":1,"minecraft:dark_oak_slab":1,"minecraft:gravel":4,"minecraft:jungle_planks":47,"minecraft:sand":48,"minecraft:stripped_spruce_log":2,"minecraft:white_bed":1,"minecraft:spider_eye":1,"minecraft:mossy_cobblestone":7,"minecraft:polished_andesite":2,"apocalypsenow:papertrash":1,"minecraft:granite":1,"minecraft:bone_meal":4,"minecraft:emerald":4,"alexsmobs:maggot":1,"minecraft:oak_sapling":1,"born_in_chaos_v1:rotten_fish":1,"iceandfire:raw_silver":4,"minecraft:coal":166}},"DataVersion":3465}