{"stats":{"minecraft:crafted":{"minecraft:oak_planks":64,"minecraft:cooked_mutton":42,"minecraft:chest":5,"minecraft:crafting_table":6,"minecraft:wooden_pickaxe":1,"minecraft:birch_planks":32,"minecraft:iron_chestplate":1,"minecraft:stick":32,"minecraft:iron_ingot":26,"minecraft:iron_pickaxe":4,"minecraft:stone_sword":1,"minecraft:wooden_sword":1,"minecraft:furnace":1,"minecraft:stone_pickaxe":1,"minecraft:cooked_cod":6,"minecraft:iron_sword":1,"minecraft:bucket":1,"minecraft:air":0,"minecraft:bread":9,"minecraft:jungle_planks":56,"apocalypsenow:cooked_human_flesh":38,"minecraft:wooden_axe":1,"minecraft:iron_leggings":1,"minecraft:white_bed":2,"minecraft:torch":32},"minecraft:broken":{"minecraft:stone_pickaxe":1,"minecraft:wooden_sword":1,"minecraft:iron_sword":1,"apocalypsenow:black_football_armor_helmet":2,"minecraft:leather_boots":1,"minecraft:iron_pickaxe":2,"apocalypsenow:fire_axe":1},"minecraft:used":{"minecraft:moss_block":4,"minecraft:moss_carpet":3,"minecraft:chest":5,"minecraft:iron_sword":439,"minecraft:rotten_flesh":4,"minecraft:iron_chestplate":3,"vinery:savanna_grapes_white":7,"minecraft:jungle_planks":44,"minecraft:carrot":7,"minecraft:stripped_spruce_log":1,"minecraft:milk_bucket":19,"born_in_chaos_v1:corpse_maggot":4,"born_in_chaos_v1:smoked_flesh":7,"apocalypsenow:chocolate_bar":4,"minecraft:bow":5,"supplementaries:ash":1,"minecraft:furnace":1,"minecraft:oak_sapling":1,"minecraft:cooked_cod":6,"minecraft:skeleton_skull":1,"apocalypsenow:us_army_helmet":1,"apocalypsenow:cooked_human_flesh":20,"minecraft:diorite":10,"apocalypsenow:red_crowbar":1,"minecraft:stone_pickaxe":137,"minecraft:oak_planks":43,"minecraft:wooden_pickaxe":23,"minecraft:jungle_boat":2,"minecraft:white_wool":2,"minecraft:glow_berries":7,"minecraft:mushroom_stew":1,"minecraft:melon_slice":259,"minecraft:bread":9,"born_in_chaos_v1:marigolds":1,"minecraft:gravel":1,"minecraft:wooden_sword":52,"minecraft:andesite":17,"minecraft:poisonous_potato":1,"minecraft:stone_sword":24,"minecraft:spruce_planks":1,"minecraft:torch":29,"minecraft:dirt":102,"minecraft:granite":1,"apocalypsenow:canadian_army_chestplate":4,"minecraft:wooden_axe":37,"minecraft:bamboo":10,"alexscaves:spelunkery_table":1,"apocalypsenow:fire_axe":48,"minecraft:cobbled_deepslate":12,"minecraft:iron_leggings":1,"born_in_chaos_v1:trident_hayfork":108,"minecraft:cooked_mutton":42,"minecraft:polished_andesite":2,"born_in_chaos_v1:black_argillite_brick_stairs":4,"minecraft:crafting_table":10,"bakery:strawberry":7,"minecraft:white_bed":3,"minecraft:cod":2,"minecraft:apple":1,"minecraft:suspicious_stew":1,"minecraft:iron_pickaxe":628,"minecraft:cobblestone":134,"apocalypsenow:human_flesh":1},"minecraft:custom":{"minecraft:interact_with_crafting_table":25,"minecraft:open_barrel":18,"minecraft:leave_game":9,"minecraft:time_since_death":24775,"minecraft:damage_resisted":455,"minecraft:sprint_one_cm":873090,"minecraft:drop":60,"minecraft:play_time":445329,"minecraft:deaths":18,"minecraft:jump":5559,"minecraft:walk_on_water_one_cm":93020,"minecraft:interact_with_furnace":20,"minecraft:interact_with_loom":9,"minecraft:sleep_in_bed":13,"minecraft:waystone_activated":1,"minecraft:damage_dealt":25892,"minecraft:crouch_one_cm":21681,"minecraft:interact_with_smoker":1,"minecraft:inspect_dispenser":3,"minecraft:mob_kills":163,"minecraft:damage_dealt_resisted":1193,"minecraft:climb_one_cm":11894,"minecraft:walk_one_cm":755528,"minecraft:damage_dealt_absorbed":80,"minecraft:sneak_time":13618,"minecraft:walk_under_water_one_cm":107703,"minecraft:boat_one_cm":690448,"minecraft:interact_with_blast_furnace":1,"minecraft:total_world_time":445329,"minecraft:time_since_rest":24802,"minecraft:damage_taken":11947,"minecraft:trigger_trapped_chest":1,"minecraft:swim_one_cm":432829,"minecraft:fly_one_cm":840656,"minecraft:open_chest":98,"minecraft:fall_one_cm":155126},"minecraft:killed_by":{"undead_revamp2:sucker":4,"undead_revamp2:the_moonflower":1,"born_in_chaos_v1:nightmare_stalker":1,"minecraft:creeper":1,"minecraft:player":2,"apocalypsenow:looter_1":2},"minecraft:killed":{"alexsmobs:lobster":1,"born_in_chaos_v1:door_knight_not_despawn":1,"apocalypsenow:runner_49":3,"minecraft:spider":8,"undead_revamp2:thesmoker":1,"minecraft:cod":6,"minecraft:skeleton":12,"apocalypsenow:runner_41":4,"apocalypsenow:runner_42":3,"apocalypsenow:runner_46":2,"apocalypsenow:runner_45":2,"apocalypsenow:runner_54":1,"minecraft:creeper":2,"laendli_transport:crab":1,"minecraft:zombie":18,"born_in_chaos_v1:corpse_fly":9,"apocalypsenow:runner_44":2,"alexsmobs:fly":1,"apocalypsenow:runner_55":2,"undead_revamp2:bigsucker":1,"hordes:zombie_player":5,"apocalypsenow:military_01":1,"apocalypsenow:looter_1":12,"apocalypsenow:runner_37":2,"alexsmobs:seagull":1,"apocalypsenow:runner_35":3,"born_in_chaos_v1:maggot":8,"apocalypsenow:horde_2":3,"born_in_chaos_v1:corpse_fish":4,"apocalypsenow:runner_53":2,"minecraft:drowned":1,"apocalypsenow:runner_38":3,"undead_revamp2:sucker":2,"alexsmobs:flying_fish":2,"laendli_transport:slabcrab":1,"apocalypsenow:runner_40":1,"born_in_chaos_v1:swarmer":1,"apocalypsenow:runner_52":3,"undead_revamp2:the_moonflower":5,"apocalypsenow:runner_50":2,"born_in_chaos_v1:decrepit_skeleton":5,"undead_revamp2:thesomnolence":1,"iceandfire:ghost":3,"apocalypsenow:runner_48":1,"alexsmobs:gazelle":2,"apocalypsenow:runner_47":3,"apocalypsenow:runner_36":2,"apocalypsenow:runner_51":1},"minecraft:mined":{"minecraft:spruce_planks":1,"iceandfire:graveyard_soil":3,"minecraft:white_bed":1,"minecraft:andesite_stairs":1,"minecraft:jungle_leaves":3,"minecraft:granite":1,"minecraft:cave_vines_plant":1,"minecraft:grass_block":50,"minecraft:jungle_log":14,"minecraft:spawner":3,"minecraft:iron_ore":40,"born_in_chaos_v1:black_argillite_brick_stairs":4,"minecraft:moss_carpet":3,"iceandfire:gold_pile":30,"minecraft:spruce_slab":1,"minecraft:tripwire":2,"biomesoplenty:wildflower":15,"minecraft:torch":1,"minecraft:melon":51,"minecraft:cobblestone":31,"minecraft:oak_planks":8,"born_in_chaos_v1:black_argillite_button":1,"minecraft:wall_torch":3,"vinery:white_grape_bush":1,"biomesoplenty:huge_lily_pad":1,"minecraft:dark_oak_slab":1,"minecraft:birch_log":25,"minecraft:lilac":1,"born_in_chaos_v1:river_mint":3,"biomesoplenty:waterlily":1,"minecraft:stone_brick_stairs":1,"minecraft:grass":24,"minecraft:oak_log":16,"minecraft:sand":53,"minecraft:dirt":79,"minecraft:tripwire_hook":1,"minecraft:oak_leaves":40,"minecraft:deepslate":14,"alexscaves:spelunkery_table":1,"iceandfire:silver_ore":5,"minecraft:mossy_cobblestone":9,"biomesoplenty:desert_grass":1,"born_in_chaos_v1:infected_diamond_ore":1,"biomesoplenty:bush":4,"minecraft:jungle_planks":11,"minecraft:redstone_wire":1,"minecraft:moss_block":3,"minecraft:sandstone":1,"minecraft:large_fern":1,"minecraft:andesite":19,"minecraft:stripped_spruce_log":2,"minecraft:bell":1,"minecraft:bookshelf":1,"minecraft:deepslate_iron_ore":4,"minecraft:vine":7,"minecraft:lantern":1,"minecraft:bamboo":2,"minecraft:stone":229,"jeg:scrap_ore":21,"born_in_chaos_v1:marigolds":1,"minecraft:crafting_table":4,"minecraft:emerald_ore":8,"bakery:wild_strawberries":13,"minecraft:tall_grass":3,"minecraft:copper_ore":4,"farmersdelight:wild_tomatoes":5,"minecraft:diorite":10,"supplementaries:urn":2,"minecraft:spruce_stairs":1,"farmersdelight:wild_beetroots":4,"minecraft:coarse_dirt":4,"minecraft:birch_leaves":4,"minecraft:coal_ore":333,"apocalypsenow:paperstrash":1,"minecraft:gravel":5,"minecraft:polished_andesite":2,"minecraft:fern":36},"minecraft:dropped":{"minecraft:moss_block":5,"minecraft:oak_log":16,"vinery:white_grape_seeds":2,"minecraft:dirt":5,"apocalypsenow:papertrash":1,"farmersdelight:onion":2,"minecraft:wooden_sword":1,"minecraft:bone_meal":1,"minecraft:bone":1,"minecraft:sugar_cane":3,"minecraft:iron_nugget":1,"alexscaves:cave_tablet":1,"minecraft:beetroot":1,"minecraft:rotten_flesh":22,"minecraft:oak_planks":1,"supplementaries:flax_seeds":2,"minecraft:beetroot_seeds":2,"born_in_chaos_v1:corpse_maggot":20,"apocalypsenow:cooked_human_flesh":31,"apocalypsenow:fire_axe":2,"apocalypsenow:human_flesh":9,"minecraft:stripped_spruce_log":1,"minecraft:wheat_seeds":3,"minecraft:mossy_cobblestone":3,"minecraft:cobblestone":1,"minecraft:spruce_stairs":1,"minecraft:stick":5,"born_in_chaos_v1:fused_bone":1,"minecraft:string":4,"minecraft:moss_carpet":5,"alexsmobs:maggot":1,"minecraft:stone_sword":2,"minecraft:bowl":2,"minecraft:filled_map":1,"minecraft:andesite":1,"minecraft:stone_pickaxe":1},"minecraft:picked_up":{"apocalypsenow:us_army_helmet":3,"minecraft:wheat":4,"alexscaves:cave_tablet":7,"minecraft:stone_brick_stairs":1,"minecraft:string":13,"minecraft:raw_copper":20,"minecraft:beetroot":1,"minecraft:gold_nugget":270,"minecraft:cobbled_deepslate":28,"minecraft:bucket":5,"minecraft:spruce_planks":1,"minecraft:iron_pickaxe":7,"minecraft:melon_slice":319,"undead_revamp2:suckermemebrane":2,"minecraft:torch":103,"minecraft:spruce_stairs":1,"minecraft:diorite":20,"born_in_chaos_v1:black_argillite_brick_stairs":4,"minecraft:stone_sword":1,"minecraft:rotten_flesh":99,"supplementaries:ash":1,"minecraft:cod":8,"alexsmobs:flying_fish":2,"minecraft:cobblestone":450,"minecraft:birch_log":25,"minecraft:feather":1,"minecraft:andesite":20,"minecraft:jungle_log":14,"minecraft:flint":4,"supplementaries:flax_seeds":4,"born_in_chaos_v1:black_argillite_button":1,"jeg:scrap":39,"minecraft:dirt":164,"minecraft:lantern":1,"minecraft:leather_boots":3,"born_in_chaos_v1:marigolds":1,"minecraft:bone":28,"undead_revamp2:blacpetalblock":1,"minecraft:bow":2,"minecraft:wheat_seeds":12,"apocalypsenow:human_flesh":34,"minecraft:bell":1,"minecraft:bamboo":37,"minecraft:moss_block":11,"minecraft:oak_planks":12,"minecraft:bamboo_raft":1,"minecraft:jungle_planks":48,"minecraft:sand":48,"minecraft:stripped_spruce_log":2,"minecraft:mossy_cobblestone":7,"minecraft:polished_andesite":2,"minecraft:granite":1,"minecraft:bone_meal":4,"minecraft:emerald":8,"alexsmobs:maggot":2,"minecraft:oak_sapling":1,"born_in_chaos_v1:rotten_fish":1,"iceandfire:raw_silver":5,"born_in_chaos_v1:diamond_termite_shard":2,"minecraft:crafting_table":5,"born_in_chaos_v1:river_mint":3,"biomesoplenty:huge_lily_pad":1,"minecraft:moss_carpet":14,"minecraft:wooden_sword":1,"apocalypsenow:fire_axe":3,"biomesoplenty:wildflower":35,"minecraft:sugar_cane":3,"minecraft:raw_iron":48,"minecraft:sandstone":1,"farmersdelight:tomato_seeds":5,"minecraft:carrot":1,"minecraft:redstone":1,"minecraft:arrow":17,"minecraft:beetroot_seeds":4,"apocalypsenow:chocolate_bar":4,"vinery:white_grape_seeds":2,"alexscaves:spelunkery_table":2,"culturaldelights:squid":1,"apocalypsenow:black_football_armor_helmet":3,"born_in_chaos_v1:trident_hayfork":6,"minecraft:glow_berries":8,"minecraft:mutton":2,"minecraft:white_wool":18,"born_in_chaos_v1:fused_bone":1,"born_in_chaos_v1:corpse_maggot":24,"minecraft:jungle_boat":2,"minecraft:tripwire_hook":1,"apocalypsenow:canadian_army_chestplate":5,"minecraft:oak_log":32,"iceandfire:ectoplasm":2,"minecraft:gunpowder":2,"vinery:savanna_grapes_white":7,"minecraft:paper":28,"biomesoplenty:glowing_moss_carpet":1,"jeg:grenade":1,"minecraft:cooked_mutton":36,"apocalypsenow:cooked_human_flesh":31,"minecraft:iron_ingot":14,"minecraft:stone_pickaxe":1,"apocalypsenow:red_crowbar":1,"minecraft:iron_sword":5,"jeg:tech_trash":4,"minecraft:book":6,"bakery:strawberry":13,"biomesoplenty:waterlily":1,"minecraft:dark_oak_slab":1,"minecraft:gravel":4,"minecraft:white_bed":1,"minecraft:spider_eye":1,"apocalypsenow:papertrash":1,"minecraft:coal":343}},"DataVersion":3465}