{"stats":{"minecraft:used":{"minecraft:stone_sword":24,"apocalypsenow:red_crowbar":1,"minecraft:stone_pickaxe":81,"minecraft:oak_planks":4,"minecraft:chest":1,"minecraft:wooden_pickaxe":23,"minecraft:iron_sword":81,"minecraft:rotten_flesh":1,"minecraft:crafting_table":3,"vinery:savanna_grapes_white":7,"bakery:strawberry":7,"minecraft:granite":1,"born_in_chaos_v1:corpse_maggot":1,"minecraft:wooden_axe":37,"minecraft:melon_slice":113,"born_in_chaos_v1:marigolds":1,"apocalypsenow:chocolate_bar":4,"minecraft:wooden_sword":52,"minecraft:cobblestone":42,"minecraft:oak_sapling":1,"minecraft:cooked_cod":6,"minecraft:andesite":12,"minecraft:skeleton_skull":1,"apocalypsenow:human_flesh":1},"minecraft:mined":{"iceandfire:graveyard_soil":3,"born_in_chaos_v1:marigolds":1,"minecraft:mossy_cobblestone":6,"minecraft:jungle_leaves":2,"biomesoplenty:desert_grass":1,"minecraft:crafting_table":1,"minecraft:granite":1,"bakery:wild_strawberries":7,"minecraft:grass_block":8,"minecraft:melon":49,"minecraft:jungle_log":2,"minecraft:redstone_wire":1,"minecraft:tall_grass":1,"minecraft:copper_ore":4,"minecraft:cobblestone":2,"farmersdelight:wild_tomatoes":1,"minecraft:large_fern":1,"farmersdelight:wild_beetroots":2,"biomesoplenty:huge_lily_pad":1,"minecraft:andesite":15,"biomesoplenty:waterlily":1,"minecraft:grass":11,"minecraft:oak_log":5,"minecraft:vine":6,"minecraft:gravel":3,"minecraft:dirt":10,"minecraft:bamboo":1,"minecraft:tripwire_hook":1,"minecraft:stone":54,"minecraft:oak_leaves":27,"minecraft:tripwire":2,"minecraft:fern":36},"minecraft:killed":{"alexsmobs:lobster":1,"undead_revamp2:bigsucker":1,"hordes:zombie_player":1,"apocalypsenow:looter_1":1,"apocalypsenow:runner_49":2,"apocalypsenow:runner_52":1,"undead_revamp2:the_moonflower":3,"minecraft:spider":1,"minecraft:cod":6,"alexsmobs:seagull":1,"apocalypsenow:runner_54":1,"apocalypsenow:runner_35":2,"born_in_chaos_v1:decrepit_skeleton":1,"apocalypsenow:horde_2":1,"minecraft:skeleton":3,"laendli_transport:crab":1,"minecraft:zombie":2,"iceandfire:ghost":1,"born_in_chaos_v1:corpse_fish":2,"apocalypsenow:runner_48":1,"born_in_chaos_v1:corpse_fly":1,"apocalypsenow:runner_41":2,"apocalypsenow:runner_47":2,"apocalypsenow:runner_53":1,"apocalypsenow:runner_36":1,"apocalypsenow:runner_38":2,"apocalypsenow:runner_55":1},"minecraft:crafted":{"minecraft:wooden_sword":1,"minecraft:cooked_cod":6,"minecraft:oak_planks":20,"minecraft:crafting_table":2,"minecraft:wooden_pickaxe":1,"minecraft:air":0,"minecraft:jungle_planks":8,"minecraft:stick":16,"minecraft:stone_pickaxe":1,"minecraft:wooden_axe":1,"minecraft:stone_sword":1,"minecraft:chest":1},"minecraft:broken":{"minecraft:wooden_sword":1},"minecraft:killed_by":{"undead_revamp2:sucker":1,"minecraft:player":1,"undead_revamp2:the_moonflower":1,"apocalypsenow:looter_1":1},"minecraft:picked_up":{"born_in_chaos_v1:corpse_maggot":1,"minecraft:crafting_table":1,"minecraft:feather":1,"minecraft:tripwire_hook":1,"minecraft:jungle_log":2,"minecraft:andesite":15,"biomesoplenty:huge_lily_pad":1,"minecraft:oak_log":5,"vinery:savanna_grapes_white":7,"minecraft:string":4,"minecraft:dirt":18,"minecraft:raw_copper":20,"minecraft:wooden_sword":1,"born_in_chaos_v1:marigolds":1,"minecraft:bone":4,"undead_revamp2:blacpetalblock":1,"apocalypsenow:human_flesh":5,"minecraft:wheat_seeds":5,"minecraft:bamboo":10,"minecraft:melon_slice":255,"apocalypsenow:red_crowbar":1,"bakery:strawberry":7,"biomesoplenty:waterlily":1,"farmersdelight:tomato_seeds":1,"minecraft:redstone":1,"minecraft:mossy_cobblestone":4,"minecraft:arrow":5,"minecraft:stone_sword":1,"minecraft:rotten_flesh":20,"minecraft:beetroot_seeds":2,"apocalypsenow:chocolate_bar":4,"minecraft:granite":1,"culturaldelights:squid":1,"minecraft:bone_meal":3,"born_in_chaos_v1:rotten_fish":1,"minecraft:oak_sapling":1,"minecraft:cod":6,"minecraft:cobblestone":59},"minecraft:dropped":{"minecraft:stone_sword":1,"minecraft:stick":3,"minecraft:filled_map":1,"minecraft:wooden_sword":1},"minecraft:custom":{"minecraft:interact_with_furnace":8,"minecraft:mob_kills":43,"minecraft:interact_with_crafting_table":5,"minecraft:leave_game":1,"minecraft:time_since_death":646,"minecraft:climb_one_cm":8655,"minecraft:time_since_rest":723,"minecraft:sprint_one_cm":342655,"minecraft:walk_one_cm":202403,"minecraft:damage_taken":3741,"minecraft:trigger_trapped_chest":1,"minecraft:drop":4,"minecraft:damage_dealt":6262,"minecraft:damage_dealt_absorbed":40,"minecraft:swim_one_cm":228862,"minecraft:fly_one_cm":373897,"minecraft:open_chest":23,"minecraft:crouch_one_cm":7658,"minecraft:play_time":135363,"minecraft:deaths":6,"minecraft:sneak_time":6065,"minecraft:walk_under_water_one_cm":31697,"minecraft:boat_one_cm":230980,"minecraft:jump":1921,"minecraft:walk_on_water_one_cm":33455,"minecraft:total_world_time":135363,"minecraft:fall_one_cm":53117,"minecraft:inspect_dispenser":3}},"DataVersion":3465}