{"stats":{"minecraft:crafted":{"minecraft:oak_planks":64,"minecraft:cooked_mutton":44,"minecraft:chest":9,"sophisticatedbackpacks:backpack":2,"minecraft:cooked_porkchop":5,"minecraft:crafting_table":7,"minecraft:spruce_planks":16,"minecraft:wooden_pickaxe":1,"minecraft:birch_planks":32,"minecraft:iron_chestplate":1,"minecraft:stick":32,"minecraft:iron_ingot":36,"minecraft:iron_pickaxe":4,"minecraft:stone_sword":1,"minecraft:gold_ingot":31,"jeg:scrap":9,"minecraft:wooden_sword":1,"jeg:gunmetal_grit":1,"minecraft:furnace":1,"minecraft:stone_pickaxe":1,"sophisticatedbackpacks:iron_backpack":1,"minecraft:cooked_cod":6,"minecraft:iron_sword":1,"sophisticatedbackpacks:gold_backpack":1,"minecraft:bucket":1,"minecraft:air":0,"minecraft:bread":9,"minecraft:jungle_planks":56,"apocalypsenow:cooked_human_flesh":49,"minecraft:wooden_axe":1,"minecraft:iron_leggings":1,"minecraft:white_bed":3,"minecraft:torch":32},"minecraft:broken":{"apocalypsenow:british_army_leggings":1,"minecraft:stone_pickaxe":1,"minecraft:wooden_sword":1,"minecraft:iron_sword":2,"apocalypsenow:black_football_armor_helmet":2,"minecraft:leather_boots":1,"minecraft:iron_pickaxe":2,"apocalypsenow:fire_axe":1,"born_in_chaos_v1:trident_hayfork":1},"minecraft:used":{"minecraft:moss_block":4,"minecraft:moss_carpet":3,"minecraft:spruce_slab":2,"minecraft:chest":7,"minecraft:iron_sword":747,"minecraft:bell":1,"minecraft:rotten_flesh":4,"minecraft:iron_chestplate":3,"vinery:savanna_grapes_white":7,"minecraft:jungle_planks":44,"minecraft:carrot":9,"minecraft:stripped_spruce_log":1,"minecraft:milk_bucket":19,"born_in_chaos_v1:corpse_maggot":4,"born_in_chaos_v1:smoked_flesh":13,"apocalypsenow:chocolate_bar":4,"minecraft:bow":5,"supplementaries:ash":1,"minecraft:furnace":1,"minecraft:oak_sapling":1,"minecraft:cooked_cod":6,"jeg:revolver":3,"minecraft:skeleton_skull":1,"apocalypsenow:us_army_helmet":1,"apocalypsenow:cooked_human_flesh":43,"minecraft:diorite":10,"apocalypsenow:red_crowbar":1,"minecraft:stone_pickaxe":137,"minecraft:oak_planks":57,"minecraft:wooden_pickaxe":23,"minecraft:jungle_boat":2,"minecraft:white_wool":2,"minecraft:glow_berries":7,"minecraft:mushroom_stew":1,"minecraft:melon_slice":268,"minecraft:bread":11,"born_in_chaos_v1:marigolds":1,"minecraft:gravel":1,"minecraft:wooden_sword":52,"minecraft:andesite":17,"minecraft:poisonous_potato":1,"apocalypsenow:fire_extinguisher":2,"minecraft:stone_sword":24,"minecraft:spruce_planks":3,"minecraft:torch":29,"minecraft:dirt":102,"minecraft:granite":1,"apocalypsenow:canadian_army_chestplate":4,"minecraft:wooden_axe":37,"minecraft:bamboo_raft":1,"minecraft:bamboo":10,"alexscaves:spelunkery_table":1,"apocalypsenow:fire_axe":48,"apocalypsenow:advanced_hazmat_suit_leggings":1,"minecraft:cobbled_deepslate":12,"minecraft:iron_leggings":1,"born_in_chaos_v1:trident_hayfork":268,"minecraft:cooked_mutton":44,"minecraft:polished_andesite":2,"born_in_chaos_v1:black_argillite_brick_stairs":6,"minecraft:crafting_table":11,"bakery:strawberry":7,"minecraft:white_bed":11,"minecraft:cod":2,"minecraft:apple":2,"minecraft:suspicious_stew":1,"minecraft:iron_pickaxe":675,"minecraft:cobblestone":149,"minecraft:cooked_porkchop":1,"minecraft:bucket":1,"apocalypsenow:human_flesh":1},"minecraft:custom":{"minecraft:interact_with_crafting_table":42,"minecraft:open_barrel":34,"minecraft:bell_ring":14,"minecraft:leave_game":10,"minecraft:time_since_death":51364,"minecraft:damage_resisted":581,"minecraft:sprint_one_cm":1022836,"minecraft:drop":82,"minecraft:play_time":544484,"minecraft:deaths":20,"minecraft:jump":6395,"minecraft:walk_on_water_one_cm":129052,"minecraft:interact_with_furnace":27,"minecraft:interact_with_loom":10,"minecraft:sleep_in_bed":13,"minecraft:waystone_activated":1,"minecraft:damage_dealt":41338,"minecraft:crouch_one_cm":22629,"minecraft:interact_with_smoker":11,"minecraft:inspect_dispenser":3,"minecraft:mob_kills":248,"minecraft:damage_dealt_resisted":2233,"minecraft:climb_one_cm":12528,"minecraft:walk_one_cm":886183,"minecraft:damage_dealt_absorbed":80,"minecraft:sneak_time":14831,"minecraft:walk_under_water_one_cm":145484,"minecraft:boat_one_cm":844677,"minecraft:interact_with_blast_furnace":1,"minecraft:total_world_time":544484,"minecraft:time_since_rest":51393,"minecraft:damage_taken":13264,"minecraft:trigger_trapped_chest":1,"minecraft:swim_one_cm":516644,"minecraft:fly_one_cm":1021320,"minecraft:open_chest":168,"minecraft:fall_one_cm":175839},"minecraft:killed":{"alexsmobs:lobster":1,"born_in_chaos_v1:door_knight_not_despawn":2,"apocalypsenow:runner_49":3,"minecraft:spider":9,"undead_revamp2:thesmoker":1,"minecraft:cod":6,"minecraft:skeleton":12,"apocalypsenow:runner_41":4,"apocalypsenow:runner_42":3,"apocalypsenow:runner_46":2,"apocalypsenow:runner_45":3,"minecraft:pig":3,"apocalypsenow:runner_54":1,"minecraft:creeper":2,"hordes:drowned_player":1,"laendli_transport:crab":5,"minecraft:zombie":19,"born_in_chaos_v1:corpse_fly":9,"apocalypsenow:runner_44":2,"alexsmobs:fly":1,"apocalypsenow:runner_55":2,"undead_revamp2:bigsucker":1,"hordes:zombie_player":6,"apocalypsenow:military_01":1,"apocalypsenow:looter_1":12,"apocalypsenow:runner_37":2,"alexsmobs:seagull":1,"undead_revamp2:bomber":1,"apocalypsenow:runner_35":3,"born_in_chaos_v1:maggot":22,"apocalypsenow:horde_2":4,"born_in_chaos_v1:corpse_fish":5,"apocalypsenow:runner_53":2,"minecraft:drowned":51,"apocalypsenow:runner_38":3,"undead_revamp2:sucker":2,"alexsmobs:flying_fish":3,"laendli_transport:slabcrab":2,"apocalypsenow:runner_40":1,"born_in_chaos_v1:swarmer":1,"apocalypsenow:runner_52":3,"undead_revamp2:the_moonflower":5,"apocalypsenow:runner_50":2,"born_in_chaos_v1:decrepit_skeleton":7,"undead_revamp2:thesomnolence":1,"iceandfire:ghost":3,"apocalypsenow:runner_48":2,"alexsmobs:gazelle":2,"apocalypsenow:runner_47":3,"apocalypsenow:runner_36":2,"apocalypsenow:runner_51":1},"minecraft:killed_by":{"born_in_chaos_v1:decaying_zombie_not_despawn":1,"undead_revamp2:sucker":4,"undead_revamp2:the_moonflower":1,"born_in_chaos_v1:nightmare_stalker":1,"minecraft:creeper":1,"minecraft:drowned":1,"minecraft:player":2,"apocalypsenow:looter_1":2},"minecraft:mined":{"apocalypsenow:gas_canister":1,"minecraft:spruce_planks":2,"iceandfire:graveyard_soil":3,"minecraft:white_bed":9,"minecraft:andesite_stairs":1,"minecraft:jungle_leaves":3,"minecraft:granite":1,"minecraft:cave_vines_plant":1,"minecraft:grass_block":50,"minecraft:jungle_log":14,"minecraft:spawner":6,"apocalypsenow:trash_bin":1,"minecraft:iron_ore":40,"born_in_chaos_v1:black_argillite_brick_stairs":6,"minecraft:moss_carpet":3,"iceandfire:gold_pile":30,"minecraft:spruce_slab":3,"minecraft:tripwire":2,"biomesoplenty:wildflower":15,"minecraft:torch":1,"minecraft:melon":51,"minecraft:cobblestone":31,"minecraft:oak_planks":8,"born_in_chaos_v1:black_argillite_button":1,"minecraft:wall_torch":3,"vinery:white_grape_bush":1,"biomesoplenty:huge_lily_pad":1,"minecraft:dark_oak_slab":2,"minecraft:birch_log":25,"minecraft:lilac":1,"born_in_chaos_v1:river_mint":3,"born_in_chaos_v1:black_argillite_brick":3,"biomesoplenty:waterlily":1,"minecraft:stone_brick_stairs":1,"minecraft:grass":26,"minecraft:oak_log":16,"minecraft:sand":53,"minecraft:dirt":79,"apocalypsenow:military_storage":10,"minecraft:tripwire_hook":1,"minecraft:oak_leaves":43,"minecraft:deepslate":14,"alexscaves:spelunkery_table":2,"iceandfire:silver_ore":5,"minecraft:mossy_cobblestone":9,"farmersdelight:wild_carrots":11,"biomesoplenty:desert_grass":1,"born_in_chaos_v1:infected_diamond_ore":1,"minecraft:dark_oak_fence":1,"biomesoplenty:bush":5,"born_in_chaos_v1:black_argillite_brick_wall":1,"minecraft:jungle_planks":11,"minecraft:redstone_wire":1,"biomesoplenty:cypress_leaves":2,"minecraft:moss_block":3,"minecraft:sandstone":1,"minecraft:large_fern":1,"apocalypsenow:pallet_slab":1,"apocalypsenow:cyan_petrol_barrel":6,"minecraft:andesite":20,"minecraft:stripped_spruce_log":2,"minecraft:peony":2,"minecraft:bell":2,"minecraft:bookshelf":1,"minecraft:deepslate_iron_ore":4,"minecraft:vine":7,"minecraft:lantern":1,"minecraft:bamboo":2,"minecraft:stone":229,"minecraft:white_wool":5,"jeg:scrap_ore":21,"born_in_chaos_v1:marigolds":1,"apocalypsenow:washing_machine":1,"minecraft:crafting_table":4,"minecraft:emerald_ore":8,"bakery:wild_strawberries":13,"minecraft:tall_grass":3,"minecraft:copper_ore":4,"farmersdelight:wild_tomatoes":5,"minecraft:diorite":10,"supplementaries:urn":2,"minecraft:spruce_stairs":1,"farmersdelight:wild_beetroots":4,"culturaldelights:wild_corn":1,"minecraft:coarse_dirt":4,"minecraft:spruce_log":4,"minecraft:birch_leaves":4,"minecraft:coal_ore":333,"apocalypsenow:paperstrash":1,"minecraft:gravel":5,"minecraft:polished_andesite":2,"minecraft:fern":36},"minecraft:dropped":{"minecraft:moss_block":5,"minecraft:oak_log":16,"vinery:white_grape_seeds":2,"apocalypsenow:soviet_ushanka_helmet":1,"minecraft:dirt":5,"apocalypsenow:papertrash":1,"alexsmobs:flying_fish":1,"apocalypsenow:army_leggings":1,"farmersdelight:onion":2,"minecraft:wooden_sword":1,"minecraft:bone_meal":2,"minecraft:bone":1,"minecraft:sugar_cane":3,"minecraft:iron_nugget":1,"alexscaves:cave_tablet":1,"minecraft:beetroot":1,"minecraft:rotten_flesh":41,"minecraft:oak_planks":1,"apocalypsenow:desertghillie_helmet":1,"supplementaries:flax_seeds":2,"jeg:gunmetal_grit":1,"minecraft:beetroot_seeds":2,"born_in_chaos_v1:corpse_maggot":20,"apocalypsenow:cooked_human_flesh":31,"apocalypsenow:fire_axe":2,"apocalypsenow:human_flesh":9,"minecraft:stripped_spruce_log":1,"minecraft:wheat_seeds":4,"minecraft:mossy_cobblestone":3,"minecraft:book":2,"minecraft:cobblestone":1,"minecraft:spruce_stairs":1,"minecraft:coal":128,"minecraft:stick":5,"born_in_chaos_v1:fused_bone":1,"minecraft:dried_kelp":4,"minecraft:string":4,"apocalypsenow:yellow_football_armor_chestplate":1,"apocalypsenow:yellow_football_armor_leggings":1,"minecraft:moss_carpet":5,"alexsmobs:maggot":1,"minecraft:stone_sword":2,"minecraft:bowl":2,"born_in_chaos_v1:rotten_fish":1,"sophisticatedbackpacks:backpack":1,"apocalypsenow:sledgehammerr":1,"minecraft:filled_map":1,"apocalypsenow:level_a_hazmatsuit_chestplate":1,"minecraft:spruce_planks":7,"apocalypsenow:advanced_hazmat_suit_leggings":1,"minecraft:andesite":1,"apocalypsenow:construction_axe":1,"minecraft:stone_pickaxe":1,"minecraft:bell":1},"minecraft:picked_up":{"apocalypsenow:us_army_helmet":3,"apocalypsenow:advanced_hazmat_suit_leggings":2,"minecraft:wheat":4,"apocalypsenow:yellow_football_armor_chestplate":2,"alexscaves:cave_tablet":7,"born_in_chaos_v1:black_argillite_brick_wall":1,"minecraft:stone_brick_stairs":1,"apocalypsenow:cyan_petrol_barrel":6,"minecraft:string":27,"minecraft:raw_copper":20,"apocalypsenow:pallet_slab":1,"jeg:revolver":1,"minecraft:beetroot":1,"minecraft:gold_nugget":270,"minecraft:cobbled_deepslate":28,"minecraft:bucket":5,"minecraft:spruce_planks":10,"minecraft:iron_pickaxe":9,"minecraft:melon_slice":335,"undead_revamp2:suckermemebrane":2,"jeg:pistol_ammo":5,"minecraft:torch":103,"apocalypsenow:soviet_ushanka_helmet":2,"minecraft:spruce_stairs":1,"minecraft:porkchop":5,"minecraft:dried_kelp":4,"minecraft:diorite":20,"born_in_chaos_v1:black_argillite_brick_stairs":6,"apocalypsenow:ghilliesuit_leggings":1,"apocalypsenow:fire_figther_leggings":2,"minecraft:stone_sword":1,"minecraft:rotten_flesh":182,"supplementaries:ash":1,"minecraft:cod":8,"alexsmobs:flying_fish":3,"minecraft:cobblestone":450,"minecraft:nautilus_shell":1,"minecraft:birch_log":25,"minecraft:feather":1,"minecraft:andesite":20,"minecraft:jungle_log":14,"minecraft:potato":2,"minecraft:flint":4,"supplementaries:flax_seeds":4,"born_in_chaos_v1:black_argillite_button":1,"jeg:scrap":39,"minecraft:dirt":164,"minecraft:lantern":1,"minecraft:leather_boots":3,"born_in_chaos_v1:marigolds":1,"minecraft:bone":36,"undead_revamp2:blacpetalblock":1,"apocalypsenow:british_army_leggings":2,"minecraft:bow":2,"minecraft:wheat_seeds":14,"apocalypsenow:human_flesh":39,"minecraft:bell":3,"minecraft:bamboo":37,"minecraft:moss_block":14,"minecraft:oak_planks":12,"apocalypsenow:trash_bin":1,"minecraft:bamboo_raft":2,"minecraft:jungle_planks":48,"minecraft:sand":48,"minecraft:stripped_spruce_log":2,"minecraft:mossy_cobblestone":7,"minecraft:polished_andesite":2,"apocalypsenow:red_fighting_leggings":1,"minecraft:granite":1,"minecraft:bone_meal":6,"minecraft:bread":1,"minecraft:emerald":8,"alexsmobs:maggot":2,"minecraft:oak_sapling":1,"born_in_chaos_v1:rotten_fish":3,"minecraft:dark_oak_fence":1,"iceandfire:raw_silver":5,"born_in_chaos_v1:diamond_termite_shard":2,"minecraft:crafting_table":5,"born_in_chaos_v1:river_mint":3,"apocalypsenow:level_a_hazmatsuit_chestplate":2,"minecraft:brown_mushroom":3,"apocalypsenow:bombsquad_boots":2,"biomesoplenty:huge_lily_pad":1,"minecraft:moss_carpet":14,"minecraft:wooden_sword":1,"born_in_chaos_v1:black_argillite_brick":3,"vinery:apple_tree_sapling":3,"apocalypsenow:fire_axe":3,"apocalypsenow:desertghillie_helmet":2,"minecraft:spruce_slab":2,"biomesoplenty:wildflower":35,"minecraft:sugar_cane":3,"minecraft:raw_iron":48,"minecraft:sandstone":1,"minecraft:copper_ingot":21,"apocalypsenow:gas_canister":1,"farmersdelight:tomato_seeds":9,"minecraft:carrot":13,"minecraft:redstone":1,"apocalypsenow:officer_beret_chestplate":2,"apocalypsenow:sledgehammerr":1,"minecraft:arrow":17,"minecraft:beetroot_seeds":4,"apocalypsenow:chocolate_bar":4,"minecraft:peony":1,"apocalypsenow:red_fighting_helmet":2,"vinery:white_grape_seeds":2,"alexscaves:spelunkery_table":2,"culturaldelights:squid":1,"apocalypsenow:black_football_armor_helmet":3,"minecraft:gold_ingot":3,"born_in_chaos_v1:trident_hayfork":7,"minecraft:glow_berries":8,"minecraft:mutton":2,"minecraft:white_wool":21,"born_in_chaos_v1:fused_bone":1,"born_in_chaos_v1:corpse_maggot":28,"minecraft:jungle_boat":2,"minecraft:tripwire_hook":1,"minecraft:leather":12,"apocalypsenow:canadian_army_chestplate":7,"minecraft:oak_log":32,"iceandfire:ectoplasm":2,"apocalypsenow:washing_machine":1,"minecraft:gunpowder":2,"vinery:savanna_grapes_white":7,"minecraft:paper":42,"biomesoplenty:glowing_moss_carpet":1,"jeg:grenade":1,"minecraft:cooked_mutton":36,"apocalypsenow:cooked_human_flesh":31,"minecraft:iron_ingot":17,"minecraft:stone_pickaxe":1,"apocalypsenow:army_leggings":2,"apocalypsenow:red_crowbar":1,"minecraft:iron_sword":6,"jeg:tech_trash":4,"minecraft:book":8,"bakery:strawberry":13,"biomesoplenty:waterlily":1,"minecraft:dark_oak_slab":3,"apocalypsenow:military_storage":10,"minecraft:gravel":4,"minecraft:white_bed":8,"minecraft:spruce_log":4,"minecraft:spider_eye":2,"apocalypsenow:papertrash":1,"apocalypsenow:yellow_football_armor_leggings":2,"minecraft:coal":407}},"DataVersion":3465}