{"stats":{"minecraft:crafted":{"minecraft:wooden_sword":1,"minecraft:cooked_cod":6,"minecraft:oak_planks":20,"minecraft:crafting_table":3,"minecraft:wooden_pickaxe":1,"minecraft:air":0,"minecraft:jungle_planks":56,"minecraft:iron_pickaxe":1,"minecraft:white_bed":1,"minecraft:stick":16,"minecraft:stone_pickaxe":1,"minecraft:wooden_axe":1,"minecraft:stone_sword":1,"minecraft:chest":1},"minecraft:broken":{"minecraft:wooden_sword":1},"minecraft:used":{"minecraft:stone_sword":24,"apocalypsenow:red_crowbar":1,"minecraft:stone_pickaxe":81,"minecraft:oak_planks":4,"minecraft:chest":1,"minecraft:wooden_pickaxe":23,"minecraft:iron_sword":100,"minecraft:jungle_boat":1,"minecraft:rotten_flesh":1,"minecraft:crafting_table":4,"vinery:savanna_grapes_white":7,"bakery:strawberry":7,"minecraft:white_bed":1,"minecraft:granite":1,"minecraft:wooden_axe":37,"born_in_chaos_v1:corpse_maggot":1,"minecraft:melon_slice":130,"minecraft:wooden_sword":52,"born_in_chaos_v1:marigolds":1,"apocalypsenow:chocolate_bar":4,"minecraft:bamboo":10,"minecraft:cobblestone":42,"minecraft:oak_sapling":1,"minecraft:cooked_cod":6,"minecraft:andesite":15,"minecraft:skeleton_skull":1,"apocalypsenow:human_flesh":1},"minecraft:custom":{"minecraft:interact_with_furnace":8,"minecraft:mob_kills":50,"minecraft:interact_with_crafting_table":7,"minecraft:leave_game":2,"minecraft:time_since_death":10932,"minecraft:sleep_in_bed":2,"minecraft:climb_one_cm":10442,"minecraft:waystone_activated":1,"minecraft:time_since_rest":7471,"minecraft:sprint_one_cm":382041,"minecraft:damage_taken":4671,"minecraft:walk_one_cm":257072,"minecraft:trigger_trapped_chest":1,"minecraft:drop":10,"minecraft:damage_dealt":7132,"minecraft:damage_dealt_absorbed":40,"minecraft:swim_one_cm":267673,"minecraft:fly_one_cm":418703,"minecraft:open_chest":29,"minecraft:crouch_one_cm":8945,"minecraft:play_time":173084,"minecraft:deaths":8,"minecraft:sneak_time":6744,"minecraft:walk_under_water_one_cm":39957,"minecraft:boat_one_cm":335093,"minecraft:jump":2158,"minecraft:walk_on_water_one_cm":38269,"minecraft:total_world_time":173084,"minecraft:fall_one_cm":57075,"minecraft:inspect_dispenser":3},"minecraft:killed_by":{"undead_revamp2:sucker":2,"minecraft:player":1,"undead_revamp2:the_moonflower":1,"apocalypsenow:looter_1":2},"minecraft:killed":{"alexsmobs:lobster":1,"undead_revamp2:bigsucker":1,"hordes:zombie_player":1,"apocalypsenow:looter_1":2,"apocalypsenow:runner_49":2,"undead_revamp2:the_moonflower":3,"apocalypsenow:runner_52":1,"minecraft:spider":1,"minecraft:cod":6,"alexsmobs:seagull":1,"apocalypsenow:runner_54":1,"apocalypsenow:runner_35":2,"born_in_chaos_v1:decrepit_skeleton":1,"apocalypsenow:horde_2":1,"minecraft:skeleton":3,"laendli_transport:crab":1,"minecraft:zombie":2,"iceandfire:ghost":1,"apocalypsenow:runner_44":1,"born_in_chaos_v1:corpse_fly":1,"apocalypsenow:runner_48":1,"apocalypsenow:runner_41":2,"apocalypsenow:runner_47":2,"apocalypsenow:runner_53":1,"apocalypsenow:runner_36":1,"born_in_chaos_v1:corpse_fish":4,"apocalypsenow:runner_38":2,"undead_revamp2:sucker":1,"apocalypsenow:runner_55":1,"alexsmobs:flying_fish":2},"minecraft:mined":{"iceandfire:graveyard_soil":3,"born_in_chaos_v1:marigolds":1,"minecraft:mossy_cobblestone":6,"biomesoplenty:desert_grass":1,"minecraft:jungle_leaves":3,"minecraft:crafting_table":1,"minecraft:granite":1,"bakery:wild_strawberries":7,"minecraft:grass_block":8,"minecraft:melon":49,"minecraft:jungle_log":14,"minecraft:redstone_wire":1,"minecraft:copper_ore":4,"minecraft:tall_grass":1,"minecraft:cobblestone":2,"farmersdelight:wild_tomatoes":1,"minecraft:large_fern":1,"farmersdelight:wild_beetroots":2,"biomesoplenty:huge_lily_pad":1,"apocalypsenow:paperstrash":1,"minecraft:andesite":15,"biomesoplenty:waterlily":1,"minecraft:grass":11,"minecraft:oak_log":7,"minecraft:vine":7,"minecraft:gravel":3,"minecraft:dirt":10,"minecraft:bamboo":2,"minecraft:tripwire_hook":1,"minecraft:stone":54,"minecraft:oak_leaves":28,"minecraft:tripwire":2,"minecraft:fern":36},"minecraft:dropped":{"apocalypsenow:human_flesh":5,"minecraft:stone_sword":1,"alexscaves:cave_tablet":1,"minecraft:stick":3,"minecraft:filled_map":1,"minecraft:wooden_sword":1},"minecraft:picked_up":{"born_in_chaos_v1:corpse_maggot":1,"minecraft:jungle_boat":1,"minecraft:crafting_table":1,"minecraft:feather":1,"minecraft:andesite":15,"minecraft:jungle_log":14,"minecraft:tripwire_hook":1,"alexscaves:cave_tablet":1,"biomesoplenty:huge_lily_pad":1,"minecraft:oak_log":7,"vinery:savanna_grapes_white":7,"minecraft:string":4,"minecraft:dirt":18,"minecraft:raw_copper":20,"minecraft:wooden_sword":1,"born_in_chaos_v1:marigolds":1,"minecraft:bone":4,"undead_revamp2:blacpetalblock":1,"apocalypsenow:human_flesh":9,"minecraft:wheat_seeds":5,"apocalypsenow:fire_axe":1,"minecraft:bamboo":25,"minecraft:melon_slice":255,"apocalypsenow:red_crowbar":1,"bakery:strawberry":7,"undead_revamp2:suckermemebrane":2,"biomesoplenty:waterlily":1,"minecraft:jungle_planks":6,"farmersdelight:tomato_seeds":1,"apocalypsenow:papertrash":1,"minecraft:redstone":1,"minecraft:mossy_cobblestone":4,"minecraft:stone_sword":1,"minecraft:arrow":5,"minecraft:rotten_flesh":20,"minecraft:beetroot_seeds":2,"apocalypsenow:chocolate_bar":4,"minecraft:granite":1,"culturaldelights:squid":1,"minecraft:bone_meal":4,"born_in_chaos_v1:rotten_fish":1,"minecraft:oak_sapling":1,"alexsmobs:flying_fish":2,"minecraft:white_wool":4,"minecraft:cod":6,"minecraft:cobblestone":59}},"DataVersion":3465}