{"stats":{"minecraft:used":{"minecraft:stone_sword":24,"minecraft:stone_pickaxe":61,"minecraft:oak_planks":4,"minecraft:wooden_pickaxe":23,"minecraft:iron_sword":13,"minecraft:rotten_flesh":1,"minecraft:crafting_table":3,"vinery:savanna_grapes_white":7,"bakery:strawberry":7,"minecraft:granite":1,"born_in_chaos_v1:corpse_maggot":1,"minecraft:wooden_axe":37,"minecraft:melon_slice":36,"born_in_chaos_v1:marigolds":1,"minecraft:wooden_sword":52,"minecraft:oak_sapling":1,"minecraft:cooked_cod":6,"minecraft:andesite":3},"minecraft:mined":{"born_in_chaos_v1:marigolds":1,"minecraft:jungle_leaves":2,"biomesoplenty:desert_grass":1,"minecraft:crafting_table":1,"minecraft:granite":1,"bakery:wild_strawberries":7,"minecraft:grass_block":5,"minecraft:melon":42,"minecraft:jungle_log":2,"minecraft:tall_grass":1,"minecraft:copper_ore":4,"farmersdelight:wild_tomatoes":1,"biomesoplenty:huge_lily_pad":1,"minecraft:andesite":14,"biomesoplenty:waterlily":1,"minecraft:grass":9,"minecraft:oak_log":5,"minecraft:vine":2,"minecraft:dirt":10,"minecraft:bamboo":1,"minecraft:stone":54,"minecraft:oak_leaves":20,"minecraft:fern":32},"minecraft:killed":{"alexsmobs:lobster":1,"undead_revamp2:bigsucker":1,"apocalypsenow:runner_49":1,"apocalypsenow:runner_52":1,"undead_revamp2:the_moonflower":2,"minecraft:cod":6,"alexsmobs:seagull":1,"apocalypsenow:runner_35":1,"minecraft:skeleton":3,"laendli_transport:crab":1,"minecraft:zombie":1,"born_in_chaos_v1:corpse_fly":1,"apocalypsenow:runner_41":1,"apocalypsenow:runner_47":1},"minecraft:crafted":{"minecraft:wooden_sword":1,"minecraft:cooked_cod":6,"minecraft:oak_planks":20,"minecraft:crafting_table":2,"minecraft:wooden_pickaxe":1,"minecraft:air":0,"minecraft:jungle_planks":8,"minecraft:stick":16,"minecraft:stone_pickaxe":1,"minecraft:wooden_axe":1,"minecraft:stone_sword":1},"minecraft:broken":{"minecraft:wooden_sword":1},"minecraft:picked_up":{"born_in_chaos_v1:corpse_maggot":1,"minecraft:crafting_table":1,"minecraft:feather":1,"minecraft:jungle_log":2,"minecraft:andesite":14,"biomesoplenty:huge_lily_pad":1,"minecraft:oak_log":5,"vinery:savanna_grapes_white":7,"minecraft:dirt":15,"minecraft:raw_copper":20,"minecraft:wooden_sword":1,"born_in_chaos_v1:marigolds":1,"minecraft:bone":3,"undead_revamp2:blacpetalblock":1,"minecraft:wheat_seeds":2,"minecraft:bamboo":10,"minecraft:melon_slice":222,"bakery:strawberry":7,"biomesoplenty:waterlily":1,"farmersdelight:tomato_seeds":1,"minecraft:arrow":5,"minecraft:stone_sword":1,"minecraft:rotten_flesh":7,"minecraft:granite":1,"culturaldelights:squid":1,"minecraft:bone_meal":2,"minecraft:oak_sapling":1,"minecraft:cod":6,"minecraft:cobblestone":54},"minecraft:dropped":{"minecraft:stone_sword":1,"minecraft:stick":3,"minecraft:wooden_sword":1},"minecraft:custom":{"minecraft:interact_with_furnace":7,"minecraft:mob_kills":22,"minecraft:interact_with_crafting_table":3,"minecraft:leave_game":1,"minecraft:time_since_death":67382,"minecraft:climb_one_cm":6455,"minecraft:time_since_rest":67424,"minecraft:sprint_one_cm":176133,"minecraft:walk_one_cm":112058,"minecraft:damage_taken":1194,"minecraft:drop":3,"minecraft:damage_dealt":2810,"minecraft:swim_one_cm":138590,"minecraft:fly_one_cm":204010,"minecraft:open_chest":5,"minecraft:crouch_one_cm":3992,"minecraft:play_time":75363,"minecraft:deaths":1,"minecraft:sneak_time":3713,"minecraft:walk_under_water_one_cm":19080,"minecraft:jump":1014,"minecraft:walk_on_water_one_cm":19010,"minecraft:total_world_time":75363,"minecraft:fall_one_cm":25298}},"DataVersion":3465}