{"stats":{"minecraft:crafted":{"minecraft:wooden_sword":1,"minecraft:oak_planks":56,"minecraft:stone_pickaxe":1,"minecraft:chest":3,"minecraft:cooked_cod":6,"minecraft:crafting_table":5,"minecraft:wooden_pickaxe":1,"minecraft:bucket":1,"minecraft:birch_planks":12,"minecraft:air":0,"minecraft:jungle_planks":56,"minecraft:stick":24,"minecraft:iron_pickaxe":1,"minecraft:wooden_axe":1,"minecraft:stone_sword":1,"minecraft:white_bed":2,"minecraft:torch":32},"minecraft:broken":{"minecraft:stone_pickaxe":1,"minecraft:wooden_sword":1,"apocalypsenow:fire_axe":1},"minecraft:used":{"minecraft:stone_sword":24,"minecraft:chest":3,"minecraft:spruce_planks":1,"minecraft:iron_sword":230,"minecraft:rotten_flesh":1,"minecraft:torch":2,"minecraft:dirt":68,"minecraft:jungle_planks":44,"vinery:savanna_grapes_white":7,"minecraft:granite":1,"minecraft:milk_bucket":10,"minecraft:stripped_spruce_log":1,"born_in_chaos_v1:corpse_maggot":1,"minecraft:wooden_axe":37,"minecraft:bamboo":10,"apocalypsenow:chocolate_bar":4,"apocalypsenow:fire_axe":46,"supplementaries:ash":1,"minecraft:oak_sapling":1,"minecraft:cooked_cod":6,"minecraft:skeleton_skull":1,"apocalypsenow:red_crowbar":1,"minecraft:polished_andesite":2,"minecraft:stone_pickaxe":137,"minecraft:oak_planks":32,"minecraft:wooden_pickaxe":23,"minecraft:jungle_boat":2,"minecraft:white_wool":2,"born_in_chaos_v1:black_argillite_brick_stairs":4,"minecraft:crafting_table":8,"minecraft:mushroom_stew":1,"bakery:strawberry":7,"minecraft:white_bed":2,"minecraft:melon_slice":206,"minecraft:iron_pickaxe":217,"born_in_chaos_v1:marigolds":1,"minecraft:wooden_sword":52,"minecraft:cobblestone":66,"minecraft:andesite":17,"apocalypsenow:human_flesh":1},"minecraft:custom":{"minecraft:mob_kills":75,"minecraft:interact_with_crafting_table":12,"minecraft:open_barrel":17,"minecraft:damage_dealt_resisted":1040,"minecraft:leave_game":6,"minecraft:time_since_death":32537,"minecraft:climb_one_cm":11656,"minecraft:sprint_one_cm":605106,"minecraft:walk_one_cm":472288,"minecraft:drop":44,"minecraft:damage_dealt_absorbed":40,"minecraft:play_time":290980,"minecraft:deaths":11,"minecraft:sneak_time":9563,"minecraft:walk_under_water_one_cm":56224,"minecraft:boat_one_cm":448140,"minecraft:jump":3773,"minecraft:walk_on_water_one_cm":63197,"minecraft:total_world_time":290980,"minecraft:interact_with_furnace":8,"minecraft:sleep_in_bed":6,"minecraft:time_since_rest":32057,"minecraft:waystone_activated":1,"minecraft:damage_taken":6567,"minecraft:trigger_trapped_chest":1,"minecraft:damage_dealt":12430,"minecraft:fly_one_cm":638820,"minecraft:swim_one_cm":349595,"minecraft:open_chest":57,"minecraft:crouch_one_cm":14968,"minecraft:fall_one_cm":100298,"minecraft:inspect_dispenser":3},"minecraft:killed_by":{"undead_revamp2:sucker":4,"minecraft:player":1,"undead_revamp2:the_moonflower":1,"apocalypsenow:looter_1":2},"minecraft:killed":{"alexsmobs:lobster":1,"undead_revamp2:bigsucker":1,"hordes:zombie_player":1,"apocalypsenow:looter_1":3,"born_in_chaos_v1:door_knight_not_despawn":1,"apocalypsenow:runner_37":1,"apocalypsenow:runner_49":2,"minecraft:spider":6,"minecraft:cod":6,"alexsmobs:seagull":1,"apocalypsenow:runner_35":2,"born_in_chaos_v1:maggot":3,"apocalypsenow:horde_2":2,"minecraft:skeleton":3,"apocalypsenow:runner_41":2,"apocalypsenow:runner_42":1,"apocalypsenow:runner_46":1,"apocalypsenow:runner_45":1,"apocalypsenow:runner_53":1,"born_in_chaos_v1:corpse_fish":4,"apocalypsenow:runner_38":2,"undead_revamp2:sucker":2,"alexsmobs:flying_fish":2,"undead_revamp2:the_moonflower":4,"apocalypsenow:runner_52":1,"apocalypsenow:runner_54":1,"born_in_chaos_v1:decrepit_skeleton":3,"laendli_transport:crab":1,"minecraft:zombie":4,"iceandfire:ghost":3,"born_in_chaos_v1:corpse_fly":1,"apocalypsenow:runner_48":1,"apocalypsenow:runner_47":2,"apocalypsenow:runner_44":2,"apocalypsenow:runner_36":1,"apocalypsenow:runner_55":1},"minecraft:mined":{"minecraft:spruce_planks":1,"iceandfire:graveyard_soil":3,"iceandfire:silver_ore":4,"minecraft:mossy_cobblestone":9,"minecraft:andesite_stairs":1,"biomesoplenty:desert_grass":1,"minecraft:jungle_leaves":3,"minecraft:granite":1,"minecraft:grass_block":39,"minecraft:jungle_planks":11,"minecraft:jungle_log":14,"minecraft:redstone_wire":1,"minecraft:moss_block":3,"minecraft:spawner":3,"minecraft:large_fern":1,"minecraft:iron_ore":26,"born_in_chaos_v1:black_argillite_brick_stairs":4,"minecraft:andesite":18,"minecraft:stripped_spruce_log":2,"minecraft:moss_carpet":2,"minecraft:bell":1,"minecraft:vine":7,"iceandfire:gold_pile":30,"minecraft:lantern":1,"minecraft:bamboo":2,"minecraft:stone":69,"minecraft:spruce_slab":1,"minecraft:tripwire":2,"jeg:scrap_ore":7,"born_in_chaos_v1:marigolds":1,"minecraft:crafting_table":3,"bakery:wild_strawberries":7,"minecraft:emerald_ore":4,"minecraft:melon":51,"minecraft:cobblestone":20,"minecraft:tall_grass":2,"minecraft:copper_ore":4,"farmersdelight:wild_tomatoes":1,"minecraft:oak_planks":1,"born_in_chaos_v1:black_argillite_button":1,"vinery:white_grape_bush":1,"minecraft:spruce_stairs":1,"farmersdelight:wild_beetroots":4,"biomesoplenty:huge_lily_pad":1,"minecraft:dark_oak_slab":1,"minecraft:birch_log":25,"minecraft:birch_leaves":4,"born_in_chaos_v1:river_mint":3,"biomesoplenty:waterlily":1,"minecraft:stone_brick_stairs":1,"minecraft:grass":18,"minecraft:oak_log":14,"minecraft:coal_ore":166,"apocalypsenow:paperstrash":1,"minecraft:gravel":5,"minecraft:sand":53,"minecraft:dirt":47,"minecraft:tripwire_hook":1,"minecraft:polished_andesite":2,"minecraft:oak_leaves":28,"minecraft:fern":36},"minecraft:dropped":{"apocalypsenow:human_flesh":9,"minecraft:stripped_spruce_log":1,"minecraft:moss_block":5,"minecraft:oak_log":16,"minecraft:mossy_cobblestone":3,"minecraft:cobblestone":1,"vinery:white_grape_seeds":2,"minecraft:spruce_stairs":1,"minecraft:stick":4,"apocalypsenow:papertrash":1,"born_in_chaos_v1:fused_bone":1,"minecraft:wooden_sword":1,"minecraft:bone_meal":1,"farmersdelight:onion":2,"minecraft:bone":1,"minecraft:moss_carpet":5,"minecraft:sugar_cane":3,"minecraft:iron_nugget":1,"minecraft:stone_sword":2,"minecraft:bowl":1,"alexscaves:cave_tablet":1,"minecraft:beetroot":1,"minecraft:rotten_flesh":4,"minecraft:oak_planks":1,"minecraft:filled_map":1,"minecraft:andesite":1,"minecraft:beetroot_seeds":2},"minecraft:picked_up":{"minecraft:crafting_table":3,"born_in_chaos_v1:river_mint":3,"alexscaves:cave_tablet":2,"biomesoplenty:huge_lily_pad":1,"minecraft:stone_brick_stairs":1,"minecraft:string":6,"minecraft:moss_carpet":5,"minecraft:raw_copper":20,"minecraft:wooden_sword":1,"minecraft:beetroot":1,"minecraft:gold_nugget":270,"minecraft:spruce_planks":1,"apocalypsenow:fire_axe":2,"minecraft:melon_slice":268,"minecraft:sugar_cane":3,"minecraft:raw_iron":26,"undead_revamp2:suckermemebrane":2,"minecraft:spruce_stairs":1,"farmersdelight:tomato_seeds":1,"born_in_chaos_v1:black_argillite_brick_stairs":4,"minecraft:redstone":1,"minecraft:arrow":5,"minecraft:stone_sword":1,"minecraft:rotten_flesh":35,"minecraft:beetroot_seeds":4,"apocalypsenow:chocolate_bar":4,"vinery:white_grape_seeds":2,"culturaldelights:squid":1,"supplementaries:ash":1,"born_in_chaos_v1:trident_hayfork":1,"minecraft:cod":6,"alexsmobs:flying_fish":2,"minecraft:white_wool":18,"minecraft:cobblestone":91,"born_in_chaos_v1:fused_bone":1,"minecraft:birch_log":25,"born_in_chaos_v1:corpse_maggot":2,"minecraft:jungle_boat":2,"minecraft:feather":1,"minecraft:tripwire_hook":1,"minecraft:jungle_log":14,"minecraft:andesite":18,"minecraft:flint":1,"minecraft:oak_log":30,"born_in_chaos_v1:black_argillite_button":1,"iceandfire:ectoplasm":2,"jeg:scrap":14,"vinery:savanna_grapes_white":7,"minecraft:dirt":86,"minecraft:lantern":1,"born_in_chaos_v1:marigolds":1,"minecraft:bone":7,"undead_revamp2:blacpetalblock":1,"apocalypsenow:human_flesh":10,"minecraft:wheat_seeds":7,"minecraft:bell":1,"minecraft:bamboo":25,"minecraft:moss_block":4,"apocalypsenow:red_crowbar":1,"jeg:tech_trash":1,"minecraft:oak_planks":1,"bakery:strawberry":7,"biomesoplenty:waterlily":1,"minecraft:dark_oak_slab":1,"minecraft:gravel":1,"minecraft:jungle_planks":41,"minecraft:sand":48,"minecraft:stripped_spruce_log":2,"minecraft:spider_eye":1,"minecraft:mossy_cobblestone":7,"minecraft:polished_andesite":2,"apocalypsenow:papertrash":1,"minecraft:granite":1,"minecraft:bone_meal":4,"minecraft:emerald":4,"minecraft:oak_sapling":1,"born_in_chaos_v1:rotten_fish":1,"iceandfire:raw_silver":4,"minecraft:coal":166}},"DataVersion":3465}