{"stats":{"minecraft:crafted":{"farmersdelight:stove":1,"minecraft:brick":39,"minecraft:wooden_sword":1,"minecraft:oak_planks":32,"minecraft:wooden_shovel":2,"minecraft:campfire":1,"minecraft:stone_axe":1,"minecraft:jungle_planks":92,"minecraft:wooden_hoe":1,"minecraft:paper":24,"minecraft:charcoal":16,"minecraft:stick":20,"minecraft:wooden_axe":3,"minecraft:stone_pickaxe":1,"minecraft:stone_sword":1,"apocalypsenow:chocolate_bar":24,"minecraft:bricks":4,"minecraft:torch":20},"minecraft:broken":{"minecraft:wooden_shovel":1,"minecraft:stone_axe":1},"minecraft:used":{"minecraft:beetroot":4,"minecraft:stone_sword":32,"minecraft:oak_planks":10,"minecraft:stone_pickaxe":25,"farmersdelight:cabbage_seeds":2,"farmersdelight:stove":2,"minecraft:wooden_pickaxe":4,"vinery:jungle_grapes_red":1,"minecraft:wooden_shovel":59,"minecraft:sugar_cane":20,"minecraft:jungle_boat":1,"minecraft:sand":86,"minecraft:dirt":7,"minecraft:cocoa_beans":47,"minecraft:jungle_planks":9,"bakery:strawberry":1,"minecraft:wooden_hoe":15,"minecraft:wooden_axe":31,"minecraft:melon_slice":11,"jeg:scrap_workbench":3,"supplementaries:flax_seeds":5,"minecraft:melon_seeds":13,"minecraft:stone_axe":132,"minecraft:bamboo":5,"apocalypsenow:chocolate_bar":11,"minecraft:cobblestone":2,"minecraft:beetroot_seeds":13},"minecraft:custom":{"minecraft:interact_with_furnace":7,"minecraft:mob_kills":10,"minecraft:interact_with_crafting_table":22,"minecraft:leave_game":1,"minecraft:time_since_death":45529,"minecraft:climb_one_cm":7271,"minecraft:time_since_rest":52752,"minecraft:waystone_activated":1,"minecraft:sprint_one_cm":7259,"minecraft:damage_taken":1572,"minecraft:walk_one_cm":495938,"minecraft:drop":24,"minecraft:damage_dealt":1544,"minecraft:player_kills":2,"minecraft:fly_one_cm":4969,"minecraft:open_chest":53,"minecraft:crouch_one_cm":395,"minecraft:play_time":211466,"minecraft:sneak_time":38,"minecraft:deaths":4,"minecraft:walk_under_water_one_cm":18724,"minecraft:boat_one_cm":373712,"minecraft:jump":576,"minecraft:walk_on_water_one_cm":74965,"minecraft:total_world_time":211466,"minecraft:fall_one_cm":8386},"minecraft:killed":{"minecraft:phantom":1,"apocalypsenow:runner_45":2,"born_in_chaos_v1:corpse_fish":3,"undead_revamp2:sucker":1,"alexsmobs:flying_fish":3},"minecraft:killed_by":{"undead_revamp2:the_moonflower":1,"minecraft:phantom":1,"apocalypsenow:runner_43":2},"minecraft:mined":{"minecraft:attached_melon_stem":4,"minecraft:melon_stem":4,"minecraft:jungle_leaves":4,"minecraft:crafting_table":2,"minecraft:granite":1,"bakery:wild_strawberries":4,"minecraft:poppy":1,"minecraft:melon":5,"minecraft:jungle_planks":35,"minecraft:jungle_log":27,"supplementaries:wild_flax":13,"farmersdelight:cabbages":2,"minecraft:copper_ore":4,"minecraft:oak_planks":10,"minecraft:sugar_cane":27,"minecraft:wall_torch":1,"jeg:scrap_workbench":3,"farmersdelight:wild_beetroots":16,"farmersdelight:sandy_shrub":1,"minecraft:oak_trapdoor":4,"minecraft:furnace":1,"supplementaries:flax":3,"minecraft:birch_log":11,"minecraft:birch_leaves":1,"minecraft:beetroots":15,"biomesoplenty:waterlily":1,"minecraft:grass":3,"minecraft:vine":10,"minecraft:coal_ore":6,"minecraft:oak_log":8,"minecraft:cocoa":45,"minecraft:sand":87,"minecraft:dirt":1,"farmersdelight:stove":1,"minecraft:bamboo_sapling":2,"minecraft:bamboo":2,"minecraft:stone":9,"minecraft:oak_leaves":8,"minecraft:fern":1},"minecraft:dropped":{"minecraft:iron_ingot":2,"minecraft:iron_sword":1,"minecraft:sugar_cane":1,"alexsmobs:animal_dictionary":1,"minecraft:raw_copper":20,"minecraft:rotten_flesh":12,"apocalypsenow:chocolate_bar":12,"minecraft:jungle_planks":11,"minecraft:stick":7,"minecraft:charcoal":63,"born_in_chaos_v1:trident_hayfork":1,"minecraft:melon_seeds":2,"minecraft:wooden_axe":1,"iceandfire:silver_ingot":1,"minecraft:wooden_sword":1,"minecraft:wooden_shovel":1,"minecraft:sand":16,"minecraft:iron_pickaxe":1,"minecraft:string":1,"minecraft:brick":39},"minecraft:picked_up":{"minecraft:birch_log":11,"minecraft:cocoa_beans":136,"minecraft:crafting_table":2,"minecraft:jungle_boat":1,"minecraft:ladder":9,"minecraft:jungle_log":26,"bakery:strawberry_seeds":1,"jeg:scrap_workbench":3,"minecraft:oak_log":8,"minecraft:lily_pad":6,"supplementaries:flax_seeds":18,"minecraft:string":1,"minecraft:oak_trapdoor":4,"minecraft:dirt":24,"minecraft:raw_copper":5,"minecraft:wooden_sword":1,"minecraft:bone":2,"minecraft:beetroot":16,"minecraft:wheat_seeds":3,"apocalypsenow:human_flesh":8,"alexsmobs:banana":1,"minecraft:jungle_sapling":1,"minecraft:iron_pickaxe":1,"minecraft:poppy":1,"minecraft:bamboo":24,"minecraft:melon_slice":43,"minecraft:sugar_cane":45,"minecraft:iron_sword":1,"minecraft:oak_planks":10,"farmersdelight:cabbage_seeds":2,"minecraft:furnace":1,"minecraft:stick":11,"bakery:strawberry":3,"biomesoplenty:waterlily":3,"minecraft:torch":1,"minecraft:sand":102,"minecraft:jungle_planks":51,"supplementaries:flax":2,"alexsmobs:animal_dictionary":2,"minecraft:rotten_flesh":21,"minecraft:beetroot_seeds":57,"minecraft:granite":1,"minecraft:bone_meal":2,"born_in_chaos_v1:rotten_fish":3,"born_in_chaos_v1:trident_hayfork":1,"minecraft:melon_seeds":17,"farmersdelight:stove":1,"minecraft:coal":5,"alexsmobs:flying_fish":3,"minecraft:cobblestone":9}},"DataVersion":3465}