{"stats":{"minecraft:broken":{"minecraft:wooden_shovel":1,"minecraft:stone_axe":1,"minecraft:wooden_hoe":1,"minecraft:stone_shovel":1},"minecraft:killed_by":{"undead_revamp2:the_moonflower":1,"apocalypsenow:runner_43":2,"minecraft:phantom":1,"born_in_chaos_v1:maggot":1},"minecraft:killed":{"hordes:zombie_player":1,"born_in_chaos_v1:maggot":2,"minecraft:phantom":1,"apocalypsenow:runner_45":2,"minecraft:drowned":14,"born_in_chaos_v1:corpse_fish":3,"undead_revamp2:sucker":1,"alexsmobs:flying_fish":4,"laendli_transport:slabcrab":1},"minecraft:custom":{"minecraft:mob_kills":29,"minecraft:interact_with_crafting_table":36,"minecraft:leave_game":3,"minecraft:time_since_death":104897,"minecraft:climb_one_cm":9813,"minecraft:sprint_one_cm":9931,"minecraft:walk_one_cm":922348,"minecraft:drop":60,"minecraft:sneak_time":228,"minecraft:play_time":388079,"minecraft:deaths":6,"minecraft:walk_under_water_one_cm":66563,"minecraft:boat_one_cm":473369,"minecraft:jump":1003,"minecraft:walk_on_water_one_cm":127716,"minecraft:total_world_time":388079,"minecraft:interact_with_furnace":12,"minecraft:sleep_in_bed":5,"minecraft:time_since_rest":12198,"minecraft:waystone_activated":1,"minecraft:damage_taken":2398,"minecraft:damage_dealt":4115,"minecraft:player_kills":4,"minecraft:fly_one_cm":7563,"minecraft:open_chest":154,"minecraft:crouch_one_cm":395,"minecraft:fall_one_cm":13749},"minecraft:used":{"minecraft:beetroot":4,"minecraft:stone_sword":42,"minecraft:stone_shovel":131,"farmersdelight:cabbage_seeds":31,"minecraft:chest":2,"farmersdelight:stove":2,"minecraft:iron_sword":74,"apocalypsenow:level_a_hazmatsuit_helmet":4,"vinery:jungle_grapes_red":1,"minecraft:stone_hoe":6,"minecraft:wooden_shovel":59,"minecraft:torch":3,"minecraft:dirt":7,"minecraft:cocoa_beans":80,"minecraft:jungle_planks":9,"minecraft:carrot":11,"vinery:jungle_grape_seeds_red":1,"minecraft:bamboo_raft":1,"minecraft:wooden_axe":54,"farmersdelight:tomato":1,"apocalypsenow:sledgehammerr":5,"farmersdelight:rotten_tomato":1,"minecraft:melon_seeds":25,"minecraft:bamboo":11,"apocalypsenow:chocolate_bar":13,"minecraft:cooked_cod":2,"minecraft:beetroot_seeds":13,"minecraft:potato":8,"farmersdelight:tomato_seeds":4,"vinery:red_grape":1,"vinery:white_grape_seeds":1,"minecraft:wheat_seeds":26,"culturaldelights:eggplant_seeds":10,"farmersdelight:skillet":1,"minecraft:stone_pickaxe":25,"minecraft:oak_planks":10,"minecraft:wooden_pickaxe":39,"minecraft:sugar_cane":30,"minecraft:jungle_boat":1,"minecraft:sand":138,"minecraft:crafting_table":2,"bakery:strawberry":1,"culturaldelights:eggplant":1,"minecraft:oak_log":1,"vinery:jungle_grapes_white":1,"minecraft:wooden_hoe":66,"minecraft:melon_slice":11,"vinery:jungle_grape_seeds_white":5,"vinery:savanna_grape_seeds_white":3,"apocalypsenow:pbf_hamstergasmask_helmet":4,"jeg:scrap_workbench":3,"supplementaries:flax_seeds":12,"minecraft:stone_axe":155,"minecraft:cobblestone":2,"minecraft:bucket":1,"apocalypsenow:human_flesh":1,"vinery:red_grape_seeds":7},"minecraft:dropped":{"minecraft:iron_ingot":2,"minecraft:iron_sword":1,"minecraft:moss_block":4,"minecraft:spore_blossom":1,"jeg:circuit_board":1,"apocalypsenow:plank":1,"minecraft:book":128,"minecraft:jungle_planks":11,"jeg:scrap":144,"minecraft:stick":7,"minecraft:flint":1,"minecraft:dirt":1,"bakery:strawberry_seeds":6,"minecraft:wooden_axe":1,"alexsmobs:flying_fish":1,"minecraft:wooden_sword":1,"minecraft:bone_meal":3,"born_in_chaos_v1:trident_hayfork":1,"minecraft:sand":16,"minecraft:iron_pickaxe":1,"minecraft:string":1,"minecraft:redstone":38,"undead_revamp2:suckermemebrane":2,"minecraft:sugar_cane":2,"minecraft:stone_sword":1,"alexsmobs:animal_dictionary":1,"minecraft:raw_copper":22,"apocalypsenow:chocolate_bar":12,"minecraft:rotten_flesh":73,"apocalypsenow:black_football_armor_chestplate":1,"minecraft:filled_map":2,"jeg:gunmetal_grit":60,"minecraft:stone":4,"minecraft:charcoal":63,"minecraft:andesite":133,"minecraft:melon_seeds":2,"iceandfire:silver_ingot":1,"minecraft:wooden_shovel":1,"minecraft:brick":39},"minecraft:mined":{"minecraft:attached_melon_stem":5,"minecraft:jungle_leaves":4,"minecraft:granite":1,"minecraft:jungle_planks":35,"minecraft:jungle_log":30,"minecraft:oak_trapdoor":4,"minecraft:furnace":1,"minecraft:carrots":7,"supplementaries:flax":24,"minecraft:andesite":10,"minecraft:potatoes":2,"minecraft:vine":13,"minecraft:stripped_oak_log":1,"minecraft:bamboo_sapling":2,"minecraft:bamboo":9,"minecraft:stone":11,"farmersdelight:cooking_pot":1,"minecraft:melon_stem":9,"minecraft:crafting_table":3,"vinery:red_grape_bush":3,"bakery:wild_strawberries":4,"minecraft:poppy":1,"minecraft:melon":11,"minecraft:chest":2,"supplementaries:wild_flax":13,"farmersdelight:cabbages":22,"minecraft:copper_ore":4,"minecraft:sugar_cane":51,"minecraft:oak_planks":10,"minecraft:wall_torch":1,"farmersdelight:wild_beetroots":16,"jeg:scrap_workbench":3,"farmersdelight:sandy_shrub":1,"minecraft:birch_log":11,"minecraft:wheat":32,"minecraft:birch_leaves":1,"culturaldelights:eggplants":7,"biomesoplenty:waterlily":1,"minecraft:grass":4,"minecraft:coal_ore":10,"minecraft:oak_log":20,"minecraft:beetroots":34,"minecraft:cocoa":83,"minecraft:gravel":3,"minecraft:sand":220,"minecraft:dirt":1,"farmersdelight:stove":1,"minecraft:oak_leaves":8,"minecraft:fern":1},"minecraft:picked_up":{"minecraft:wooden_axe":1,"minecraft:charcoal":63,"minecraft:cocoa_beans":250,"vinery:red_grape":11,"minecraft:crafting_table":3,"minecraft:wheat":30,"minecraft:ladder":9,"vinery:red_grape_seeds":3,"bakery:strawberry_seeds":7,"jeg:scrap_workbench":3,"minecraft:oak_trapdoor":4,"minecraft:string":1,"minecraft:raw_copper":7,"minecraft:wooden_sword":1,"minecraft:beetroot":35,"alexsmobs:banana":1,"minecraft:bucket":1,"farmersdelight:cabbage":20,"minecraft:jungle_sapling":1,"minecraft:poppy":1,"minecraft:iron_pickaxe":1,"minecraft:melon_slice":74,"minecraft:sugar_cane":86,"minecraft:chest":2,"farmersdelight:cabbage_seeds":60,"minecraft:furnace":1,"minecraft:stick":11,"undead_revamp2:suckermemebrane":2,"minecraft:stone":4,"farmersdelight:rotten_tomato":1,"minecraft:copper_ingot":3,"minecraft:torch":1,"apocalypsenow:plank":1,"minecraft:carrot":23,"minecraft:redstone":76,"supplementaries:flax":22,"apocalypsenow:black_football_armor_chestplate":1,"apocalypsenow:aabattery":1,"apocalypsenow:sledgehammerr":1,"jeg:circuit_board":1,"minecraft:rotten_flesh":32,"apocalypsenow:level_a_hazmatsuit_helmet":1,"minecraft:beetroot_seeds":112,"apocalypsenow:construction_axe":1,"culturaldelights:squid":1,"supplementaries:ash":5,"born_in_chaos_v1:trident_hayfork":1,"minecraft:cod":2,"apocalypsenow:fire_figther_chestplate":1,"alexsmobs:flying_fish":6,"minecraft:cobblestone":68,"minecraft:stripped_oak_log":1,"minecraft:birch_log":11,"minecraft:jungle_boat":1,"minecraft:jungle_log":28,"minecraft:andesite":137,"culturaldelights:eggplant":6,"minecraft:potato":4,"minecraft:filled_map":2,"minecraft:flint":1,"culturaldelights:eggplant_seeds":17,"minecraft:oak_log":20,"minecraft:lily_pad":6,"supplementaries:flax_seeds":65,"jeg:scrap":144,"vinery:savanna_grapes_white":19,"farmersdelight:tomato":17,"minecraft:dirt":25,"minecraft:bone":2,"farmersdelight:cooking_pot":1,"minecraft:wheat_seeds":95,"minecraft:stonecutter":1,"apocalypsenow:human_flesh":14,"minecraft:spore_blossom":2,"minecraft:iron_ingot":7,"minecraft:stone_pickaxe":2,"minecraft:bamboo":112,"minecraft:moss_block":5,"minecraft:stone_hoe":1,"minecraft:iron_sword":1,"minecraft:oak_planks":10,"minecraft:book":192,"bakery:strawberry":3,"biomesoplenty:waterlily":3,"vinery:jungle_grapes_white":43,"vinery:white_grape":4,"minecraft:gravel":15,"minecraft:sand":235,"minecraft:jungle_planks":51,"alexsmobs:animal_dictionary":2,"vinery:jungle_grapes_red":3,"jeg:gunmetal_grit":90,"minecraft:granite":2,"apocalypsenow:pbf_hamstergasmask_helmet":1,"minecraft:bone_meal":5,"born_in_chaos_v1:rotten_fish":4,"minecraft:melon_seeds":26,"farmersdelight:stove":1,"minecraft:coal":5},"minecraft:crafted":{"minecraft:brick":39,"minecraft:wooden_sword":1,"minecraft:oak_planks":32,"minecraft:bamboo_block":6,"minecraft:stone_pickaxe":1,"apocalypsenow:chocolate_bar":33,"minecraft:bricks":4,"minecraft:bamboo_raft":1,"farmersdelight:stove":1,"minecraft:cooked_cod":2,"minecraft:wooden_shovel":3,"farmersdelight:cooking_pot":1,"minecraft:campfire":2,"minecraft:stone_axe":1,"farmersdelight:skillet":1,"minecraft:jungle_planks":92,"minecraft:bamboo_planks":12,"minecraft:wooden_hoe":1,"minecraft:paper":33,"minecraft:charcoal":16,"minecraft:stick":20,"apocalypsenow:cooked_human_flesh":3,"minecraft:iron_ingot":1,"minecraft:wooden_axe":3,"minecraft:stone_sword":1,"minecraft:torch":20}},"DataVersion":3465}