{"stats":{"minecraft:used":{"minecraft:wooden_axe":1,"minecraft:melon_slice":1,"minecraft:sugar_cane":5,"minecraft:wooden_shovel":59,"minecraft:melon_seeds":2,"minecraft:bamboo":4,"minecraft:dirt":2,"minecraft:sand":79},"minecraft:mined":{"minecraft:vine":3,"minecraft:cocoa":1,"minecraft:jungle_log":4,"minecraft:sand":81,"supplementaries:wild_flax":1,"minecraft:bamboo_sapling":2,"minecraft:sugar_cane":2},"minecraft:crafted":{"minecraft:wooden_sword":1,"minecraft:wooden_shovel":2,"minecraft:stick":12,"minecraft:wooden_axe":2,"minecraft:stone_sword":1,"minecraft:stone_axe":1,"minecraft:jungle_planks":16},"minecraft:broken":{"minecraft:wooden_shovel":1},"minecraft:killed_by":{"apocalypsenow:runner_43":2},"minecraft:picked_up":{"minecraft:cocoa_beans":4,"minecraft:stick":4,"minecraft:jungle_log":4,"minecraft:sand":96,"minecraft:jungle_planks":16,"minecraft:dirt":23,"alexsmobs:animal_dictionary":2,"minecraft:wooden_sword":1,"minecraft:rotten_flesh":3,"minecraft:wheat_seeds":3,"apocalypsenow:human_flesh":6,"minecraft:jungle_sapling":1,"minecraft:sugar_cane":5,"minecraft:bamboo":8,"born_in_chaos_v1:rotten_fish":1,"minecraft:melon_slice":17,"minecraft:melon_seeds":5},"minecraft:dropped":{"alexsmobs:animal_dictionary":1,"minecraft:wooden_axe":1,"minecraft:wooden_shovel":1,"minecraft:wooden_sword":1,"minecraft:sand":16,"minecraft:jungle_planks":11,"minecraft:stick":7},"minecraft:custom":{"minecraft:time_since_rest":40315,"minecraft:sprint_one_cm":1365,"minecraft:damage_taken":536,"minecraft:walk_one_cm":125432,"minecraft:drop":8,"minecraft:fly_one_cm":1228,"minecraft:interact_with_crafting_table":3,"minecraft:open_chest":7,"minecraft:play_time":46748,"minecraft:deaths":2,"minecraft:walk_under_water_one_cm":1303,"minecraft:boat_one_cm":54132,"minecraft:jump":68,"minecraft:walk_on_water_one_cm":18570,"minecraft:time_since_death":39338,"minecraft:climb_one_cm":679,"minecraft:total_world_time":46748,"minecraft:fall_one_cm":2100}},"DataVersion":3465}