{"stats":{"minecraft:used":{"minecraft:wooden_axe":1,"minecraft:melon_slice":2,"minecraft:stone_pickaxe":25,"minecraft:sugar_cane":5,"minecraft:wooden_shovel":59,"minecraft:melon_seeds":8,"minecraft:bamboo":4,"minecraft:stone_axe":22,"minecraft:cobblestone":2,"minecraft:dirt":2,"minecraft:sand":85},"minecraft:mined":{"minecraft:granite":1,"minecraft:grass":2,"minecraft:coal_ore":6,"minecraft:vine":7,"minecraft:cocoa":1,"minecraft:jungle_log":20,"minecraft:sand":86,"supplementaries:wild_flax":1,"minecraft:copper_ore":4,"minecraft:bamboo_sapling":2,"minecraft:stone":9,"minecraft:sugar_cane":2},"minecraft:crafted":{"minecraft:wooden_sword":1,"minecraft:wooden_shovel":2,"minecraft:stick":20,"minecraft:stone_pickaxe":1,"minecraft:wooden_axe":2,"minecraft:stone_sword":1,"minecraft:torch":20,"minecraft:stone_axe":1,"minecraft:jungle_planks":76},"minecraft:broken":{"minecraft:wooden_shovel":1},"minecraft:killed_by":{"apocalypsenow:runner_43":2},"minecraft:picked_up":{"minecraft:cocoa_beans":4,"minecraft:stick":11,"minecraft:jungle_log":19,"minecraft:sand":101,"minecraft:jungle_planks":16,"minecraft:raw_copper":5,"minecraft:dirt":23,"alexsmobs:animal_dictionary":2,"minecraft:wooden_sword":1,"minecraft:rotten_flesh":3,"minecraft:wheat_seeds":3,"apocalypsenow:human_flesh":7,"alexsmobs:banana":1,"minecraft:granite":1,"minecraft:jungle_sapling":1,"minecraft:sugar_cane":5,"minecraft:bamboo":8,"born_in_chaos_v1:rotten_fish":1,"minecraft:melon_slice":17,"minecraft:melon_seeds":5,"minecraft:coal":5,"minecraft:cobblestone":9},"minecraft:dropped":{"alexsmobs:animal_dictionary":1,"minecraft:wooden_axe":1,"minecraft:wooden_shovel":1,"minecraft:wooden_sword":1,"minecraft:sand":16,"minecraft:jungle_planks":11,"minecraft:stick":7},"minecraft:custom":{"minecraft:time_since_rest":64315,"minecraft:interact_with_furnace":3,"minecraft:sprint_one_cm":4077,"minecraft:damage_taken":546,"minecraft:walk_one_cm":214154,"minecraft:drop":8,"minecraft:fly_one_cm":1405,"minecraft:interact_with_crafting_table":7,"minecraft:crouch_one_cm":115,"minecraft:open_chest":17,"minecraft:play_time":70748,"minecraft:sneak_time":15,"minecraft:deaths":2,"minecraft:walk_under_water_one_cm":2022,"minecraft:boat_one_cm":82604,"minecraft:jump":137,"minecraft:walk_on_water_one_cm":22516,"minecraft:time_since_death":63338,"minecraft:climb_one_cm":679,"minecraft:total_world_time":70748,"minecraft:fall_one_cm":2644}},"DataVersion":3465}