{"stats":{"minecraft:used":{"minecraft:stone_sword":25,"minecraft:stone_pickaxe":25,"minecraft:wooden_shovel":59,"minecraft:sugar_cane":16,"minecraft:jungle_boat":1,"minecraft:sand":86,"minecraft:dirt":6,"minecraft:cocoa_beans":47,"minecraft:wooden_axe":1,"minecraft:melon_slice":9,"minecraft:melon_seeds":8,"apocalypsenow:chocolate_bar":7,"minecraft:bamboo":4,"minecraft:stone_axe":108,"minecraft:cobblestone":2},"minecraft:mined":{"minecraft:jungle_leaves":4,"minecraft:granite":1,"bakery:wild_strawberries":4,"minecraft:poppy":1,"minecraft:jungle_log":27,"supplementaries:wild_flax":13,"minecraft:copper_ore":4,"minecraft:sugar_cane":24,"minecraft:wall_torch":1,"farmersdelight:wild_beetroots":16,"farmersdelight:sandy_shrub":1,"minecraft:birch_log":11,"minecraft:birch_leaves":1,"minecraft:oak_log":8,"biomesoplenty:waterlily":1,"minecraft:grass":3,"minecraft:coal_ore":6,"minecraft:cocoa":45,"minecraft:vine":10,"minecraft:dirt":1,"minecraft:sand":87,"minecraft:bamboo_sapling":2,"minecraft:stone":9,"minecraft:oak_leaves":8,"minecraft:fern":1},"minecraft:killed":{"minecraft:phantom":1,"apocalypsenow:runner_45":2,"born_in_chaos_v1:corpse_fish":3,"undead_revamp2:sucker":1,"alexsmobs:flying_fish":1},"minecraft:crafted":{"minecraft:brick":39,"minecraft:wooden_sword":1,"minecraft:wooden_shovel":2,"minecraft:campfire":1,"minecraft:stone_axe":1,"minecraft:jungle_planks":76,"minecraft:paper":24,"minecraft:charcoal":16,"minecraft:stick":20,"minecraft:stone_pickaxe":1,"minecraft:wooden_axe":2,"minecraft:stone_sword":1,"apocalypsenow:chocolate_bar":24,"minecraft:bricks":4,"minecraft:torch":20},"minecraft:broken":{"minecraft:wooden_shovel":1},"minecraft:killed_by":{"undead_revamp2:the_moonflower":1,"minecraft:phantom":1,"apocalypsenow:runner_43":2},"minecraft:picked_up":{"minecraft:birch_log":11,"minecraft:cocoa_beans":136,"minecraft:jungle_boat":1,"minecraft:jungle_log":26,"bakery:strawberry_seeds":1,"minecraft:oak_log":8,"minecraft:lily_pad":6,"supplementaries:flax_seeds":13,"minecraft:dirt":24,"minecraft:raw_copper":5,"minecraft:wooden_sword":1,"minecraft:beetroot":2,"apocalypsenow:human_flesh":8,"minecraft:wheat_seeds":3,"alexsmobs:banana":1,"minecraft:jungle_sapling":1,"minecraft:poppy":1,"minecraft:bamboo":8,"minecraft:melon_slice":17,"minecraft:sugar_cane":42,"minecraft:stick":11,"bakery:strawberry":3,"biomesoplenty:waterlily":3,"minecraft:torch":1,"minecraft:jungle_planks":16,"minecraft:sand":102,"alexsmobs:animal_dictionary":2,"minecraft:rotten_flesh":10,"minecraft:beetroot_seeds":16,"minecraft:granite":1,"minecraft:bone_meal":2,"born_in_chaos_v1:rotten_fish":3,"minecraft:melon_seeds":5,"minecraft:coal":5,"alexsmobs:flying_fish":1,"minecraft:cobblestone":9},"minecraft:dropped":{"minecraft:iron_ingot":2,"minecraft:sugar_cane":1,"alexsmobs:animal_dictionary":1,"minecraft:raw_copper":20,"apocalypsenow:chocolate_bar":12,"minecraft:jungle_planks":11,"minecraft:stick":7,"minecraft:wooden_axe":1,"iceandfire:silver_ingot":1,"minecraft:wooden_shovel":1,"minecraft:wooden_sword":1,"minecraft:sand":16,"minecraft:brick":39},"minecraft:custom":{"minecraft:interact_with_furnace":7,"minecraft:mob_kills":8,"minecraft:interact_with_crafting_table":17,"minecraft:leave_game":1,"minecraft:time_since_death":9547,"minecraft:climb_one_cm":4815,"minecraft:time_since_rest":16770,"minecraft:sprint_one_cm":7259,"minecraft:walk_one_cm":419113,"minecraft:damage_taken":1512,"minecraft:drop":16,"minecraft:damage_dealt":1325,"minecraft:player_kills":2,"minecraft:fly_one_cm":4969,"minecraft:open_chest":40,"minecraft:crouch_one_cm":395,"minecraft:play_time":175484,"minecraft:deaths":4,"minecraft:sneak_time":38,"minecraft:walk_under_water_one_cm":18724,"minecraft:boat_one_cm":373712,"minecraft:jump":495,"minecraft:walk_on_water_one_cm":74945,"minecraft:total_world_time":175484,"minecraft:fall_one_cm":7034}},"DataVersion":3465}