{"stats":{"minecraft:crafted":{"minecraft:brick":39,"minecraft:wooden_sword":1,"minecraft:oak_planks":32,"minecraft:stone_pickaxe":1,"apocalypsenow:chocolate_bar":24,"minecraft:bricks":4,"farmersdelight:stove":1,"minecraft:wooden_shovel":2,"minecraft:campfire":1,"minecraft:stone_axe":1,"minecraft:jungle_planks":92,"minecraft:wooden_hoe":1,"minecraft:paper":24,"minecraft:charcoal":16,"minecraft:stick":20,"minecraft:wooden_axe":3,"minecraft:stone_sword":1,"minecraft:torch":20},"minecraft:broken":{"minecraft:wooden_shovel":1,"minecraft:stone_axe":1},"minecraft:used":{"minecraft:beetroot":4,"minecraft:stone_sword":32,"farmersdelight:cabbage_seeds":2,"farmersdelight:stove":2,"minecraft:iron_sword":5,"vinery:jungle_grapes_red":1,"minecraft:wooden_shovel":59,"minecraft:torch":2,"minecraft:dirt":7,"minecraft:cocoa_beans":47,"minecraft:jungle_planks":9,"minecraft:wooden_axe":54,"minecraft:melon_seeds":13,"minecraft:bamboo":5,"apocalypsenow:chocolate_bar":11,"minecraft:beetroot_seeds":13,"minecraft:stone_pickaxe":25,"minecraft:oak_planks":10,"minecraft:wooden_pickaxe":20,"minecraft:sugar_cane":20,"minecraft:jungle_boat":1,"minecraft:sand":86,"minecraft:crafting_table":1,"bakery:strawberry":1,"minecraft:wooden_hoe":15,"minecraft:melon_slice":11,"jeg:scrap_workbench":3,"supplementaries:flax_seeds":5,"minecraft:stone_axe":132,"minecraft:cobblestone":2},"minecraft:custom":{"minecraft:mob_kills":11,"minecraft:interact_with_crafting_table":25,"minecraft:leave_game":1,"minecraft:time_since_death":69529,"minecraft:climb_one_cm":7271,"minecraft:sprint_one_cm":7259,"minecraft:walk_one_cm":548705,"minecraft:drop":26,"minecraft:play_time":235466,"minecraft:deaths":4,"minecraft:sneak_time":38,"minecraft:walk_under_water_one_cm":22080,"minecraft:boat_one_cm":373712,"minecraft:jump":664,"minecraft:walk_on_water_one_cm":85083,"minecraft:total_world_time":235466,"minecraft:interact_with_furnace":7,"minecraft:time_since_rest":76752,"minecraft:waystone_activated":1,"minecraft:damage_taken":1572,"minecraft:damage_dealt":1703,"minecraft:fly_one_cm":5129,"minecraft:player_kills":2,"minecraft:open_chest":72,"minecraft:crouch_one_cm":395,"minecraft:fall_one_cm":8595},"minecraft:killed":{"minecraft:phantom":1,"apocalypsenow:runner_45":2,"born_in_chaos_v1:corpse_fish":3,"minecraft:drowned":1,"undead_revamp2:sucker":1,"alexsmobs:flying_fish":3},"minecraft:killed_by":{"undead_revamp2:the_moonflower":1,"apocalypsenow:runner_43":2,"minecraft:phantom":1},"minecraft:mined":{"minecraft:attached_melon_stem":4,"minecraft:jungle_leaves":4,"minecraft:granite":1,"minecraft:jungle_planks":35,"minecraft:jungle_log":27,"minecraft:oak_trapdoor":4,"minecraft:furnace":1,"supplementaries:flax":3,"minecraft:andesite":9,"minecraft:vine":10,"minecraft:bamboo_sapling":2,"minecraft:bamboo":2,"minecraft:stone":9,"minecraft:melon_stem":4,"minecraft:crafting_table":2,"bakery:wild_strawberries":4,"minecraft:poppy":1,"minecraft:melon":5,"supplementaries:wild_flax":13,"farmersdelight:cabbages":2,"minecraft:copper_ore":4,"minecraft:sugar_cane":27,"minecraft:oak_planks":10,"minecraft:wall_torch":1,"farmersdelight:wild_beetroots":16,"jeg:scrap_workbench":3,"farmersdelight:sandy_shrub":1,"minecraft:birch_log":11,"minecraft:birch_leaves":1,"biomesoplenty:waterlily":1,"minecraft:grass":3,"minecraft:oak_log":8,"minecraft:coal_ore":10,"minecraft:beetroots":15,"minecraft:cocoa":67,"minecraft:gravel":3,"minecraft:sand":87,"minecraft:dirt":1,"farmersdelight:stove":1,"minecraft:oak_leaves":8,"minecraft:fern":1},"minecraft:dropped":{"minecraft:iron_ingot":2,"minecraft:iron_sword":1,"minecraft:jungle_planks":11,"minecraft:stick":7,"minecraft:wooden_axe":1,"minecraft:wooden_sword":1,"born_in_chaos_v1:trident_hayfork":1,"minecraft:sand":16,"minecraft:iron_pickaxe":1,"minecraft:string":1,"undead_revamp2:suckermemebrane":2,"minecraft:sugar_cane":1,"minecraft:stone_sword":1,"alexsmobs:animal_dictionary":1,"minecraft:raw_copper":20,"apocalypsenow:chocolate_bar":12,"minecraft:rotten_flesh":12,"minecraft:charcoal":63,"minecraft:melon_seeds":2,"iceandfire:silver_ingot":1,"minecraft:wooden_shovel":1,"minecraft:brick":39},"minecraft:picked_up":{"minecraft:wooden_axe":1,"minecraft:charcoal":63,"minecraft:cocoa_beans":202,"minecraft:crafting_table":2,"minecraft:ladder":9,"bakery:strawberry_seeds":1,"jeg:scrap_workbench":3,"minecraft:oak_trapdoor":4,"minecraft:string":1,"minecraft:raw_copper":5,"minecraft:wooden_sword":1,"minecraft:beetroot":17,"alexsmobs:banana":1,"minecraft:jungle_sapling":1,"minecraft:poppy":1,"minecraft:iron_pickaxe":1,"minecraft:melon_slice":43,"minecraft:sugar_cane":45,"farmersdelight:cabbage_seeds":2,"minecraft:furnace":1,"minecraft:stick":11,"undead_revamp2:suckermemebrane":2,"minecraft:torch":1,"supplementaries:flax":2,"apocalypsenow:aabattery":1,"minecraft:rotten_flesh":21,"minecraft:beetroot_seeds":60,"born_in_chaos_v1:trident_hayfork":1,"alexsmobs:flying_fish":3,"minecraft:cobblestone":9,"minecraft:birch_log":11,"minecraft:jungle_boat":1,"minecraft:andesite":3,"minecraft:jungle_log":26,"minecraft:oak_log":8,"minecraft:lily_pad":6,"supplementaries:flax_seeds":18,"minecraft:dirt":24,"minecraft:bone":2,"minecraft:stonecutter":1,"apocalypsenow:human_flesh":11,"minecraft:wheat_seeds":4,"minecraft:bamboo":24,"minecraft:stone_hoe":1,"minecraft:oak_planks":10,"minecraft:iron_sword":1,"bakery:strawberry":3,"biomesoplenty:waterlily":3,"minecraft:gravel":5,"minecraft:jungle_planks":51,"minecraft:sand":102,"alexsmobs:animal_dictionary":2,"minecraft:granite":1,"minecraft:bone_meal":2,"born_in_chaos_v1:rotten_fish":3,"minecraft:melon_seeds":17,"minecraft:coal":5,"farmersdelight:stove":1}},"DataVersion":3465}