{"stats":{"minecraft:used":{"minecraft:stone_sword":3,"minecraft:stone_pickaxe":25,"minecraft:wooden_shovel":59,"minecraft:sugar_cane":5,"minecraft:sand":85,"minecraft:dirt":2,"minecraft:wooden_axe":1,"minecraft:melon_slice":3,"minecraft:melon_seeds":8,"minecraft:bamboo":4,"minecraft:stone_axe":34,"minecraft:cobblestone":2},"minecraft:mined":{"minecraft:granite":1,"bakery:wild_strawberries":4,"minecraft:jungle_log":20,"supplementaries:wild_flax":5,"minecraft:copper_ore":4,"minecraft:sugar_cane":2,"farmersdelight:wild_beetroots":16,"farmersdelight:sandy_shrub":1,"minecraft:birch_log":11,"minecraft:birch_leaves":1,"minecraft:grass":2,"minecraft:coal_ore":6,"minecraft:cocoa":1,"minecraft:vine":7,"minecraft:sand":86,"minecraft:bamboo_sapling":2,"minecraft:stone":9},"minecraft:crafted":{"minecraft:wooden_sword":1,"minecraft:wooden_shovel":2,"minecraft:stone_axe":1,"minecraft:jungle_planks":76,"minecraft:charcoal":16,"minecraft:stick":20,"minecraft:stone_pickaxe":1,"minecraft:wooden_axe":2,"minecraft:stone_sword":1,"minecraft:torch":20},"minecraft:killed_by":{"apocalypsenow:runner_43":2},"minecraft:broken":{"minecraft:wooden_shovel":1},"minecraft:picked_up":{"minecraft:birch_log":11,"minecraft:cocoa_beans":4,"minecraft:jungle_log":19,"bakery:strawberry_seeds":1,"supplementaries:flax_seeds":4,"minecraft:dirt":23,"minecraft:raw_copper":5,"minecraft:wooden_sword":1,"minecraft:beetroot":2,"apocalypsenow:human_flesh":8,"minecraft:wheat_seeds":3,"alexsmobs:banana":1,"minecraft:jungle_sapling":1,"minecraft:bamboo":8,"minecraft:melon_slice":17,"minecraft:sugar_cane":5,"minecraft:stick":11,"bakery:strawberry":3,"minecraft:jungle_planks":16,"minecraft:sand":101,"alexsmobs:animal_dictionary":2,"minecraft:rotten_flesh":5,"minecraft:beetroot_seeds":16,"minecraft:granite":1,"born_in_chaos_v1:rotten_fish":1,"minecraft:melon_seeds":5,"minecraft:coal":5,"minecraft:cobblestone":9},"minecraft:dropped":{"alexsmobs:animal_dictionary":1,"minecraft:jungle_planks":11,"minecraft:stick":7,"minecraft:wooden_axe":1,"minecraft:wooden_shovel":1,"minecraft:wooden_sword":1,"minecraft:sand":16},"minecraft:custom":{"minecraft:interact_with_furnace":4,"minecraft:interact_with_crafting_table":7,"minecraft:time_since_death":75338,"minecraft:climb_one_cm":679,"minecraft:time_since_rest":76315,"minecraft:sprint_one_cm":7094,"minecraft:walk_one_cm":240886,"minecraft:damage_taken":546,"minecraft:drop":8,"minecraft:damage_dealt":150,"minecraft:player_kills":1,"minecraft:fly_one_cm":1433,"minecraft:open_chest":18,"minecraft:crouch_one_cm":236,"minecraft:play_time":82748,"minecraft:deaths":2,"minecraft:sneak_time":31,"minecraft:walk_under_water_one_cm":2022,"minecraft:boat_one_cm":219630,"minecraft:jump":149,"minecraft:walk_on_water_one_cm":22516,"minecraft:total_world_time":82748,"minecraft:fall_one_cm":2644}},"DataVersion":3465}