{"stats":{"minecraft:crafted":{"minecraft:brick":39,"minecraft:wooden_sword":1,"minecraft:oak_planks":32,"minecraft:stone_pickaxe":1,"apocalypsenow:chocolate_bar":24,"minecraft:bricks":4,"farmersdelight:stove":1,"minecraft:cooked_cod":2,"minecraft:wooden_shovel":3,"farmersdelight:cooking_pot":1,"minecraft:campfire":1,"minecraft:stone_axe":1,"farmersdelight:skillet":1,"minecraft:jungle_planks":92,"minecraft:wooden_hoe":1,"minecraft:paper":24,"minecraft:charcoal":16,"minecraft:stick":20,"apocalypsenow:cooked_human_flesh":2,"minecraft:iron_ingot":1,"minecraft:wooden_axe":3,"minecraft:stone_sword":1,"minecraft:torch":20},"minecraft:broken":{"minecraft:wooden_shovel":1,"minecraft:stone_axe":1},"minecraft:used":{"minecraft:beetroot":4,"minecraft:stone_sword":32,"farmersdelight:cabbage_seeds":2,"farmersdelight:stove":2,"minecraft:iron_sword":7,"vinery:jungle_grapes_red":1,"minecraft:wooden_shovel":59,"minecraft:torch":3,"minecraft:dirt":7,"minecraft:cocoa_beans":47,"minecraft:jungle_planks":9,"minecraft:wooden_axe":54,"minecraft:melon_seeds":13,"minecraft:bamboo":5,"apocalypsenow:chocolate_bar":11,"minecraft:cooked_cod":2,"minecraft:beetroot_seeds":13,"farmersdelight:skillet":1,"minecraft:stone_pickaxe":25,"minecraft:oak_planks":10,"minecraft:wooden_pickaxe":23,"minecraft:sugar_cane":20,"minecraft:jungle_boat":1,"minecraft:sand":86,"minecraft:crafting_table":1,"bakery:strawberry":1,"minecraft:wooden_hoe":15,"minecraft:melon_slice":11,"jeg:scrap_workbench":3,"supplementaries:flax_seeds":5,"minecraft:stone_axe":132,"minecraft:cobblestone":2,"minecraft:bucket":1},"minecraft:custom":{"minecraft:mob_kills":12,"minecraft:interact_with_crafting_table":29,"minecraft:leave_game":1,"minecraft:time_since_death":21622,"minecraft:climb_one_cm":7811,"minecraft:sprint_one_cm":7259,"minecraft:walk_one_cm":613866,"minecraft:drop":27,"minecraft:play_time":271466,"minecraft:deaths":5,"minecraft:sneak_time":201,"minecraft:walk_under_water_one_cm":48236,"minecraft:boat_one_cm":373712,"minecraft:jump":848,"minecraft:walk_on_water_one_cm":100241,"minecraft:total_world_time":271466,"minecraft:interact_with_furnace":9,"minecraft:time_since_rest":21956,"minecraft:waystone_activated":1,"minecraft:damage_taken":2002,"minecraft:damage_dealt":1815,"minecraft:fly_one_cm":5455,"minecraft:player_kills":2,"minecraft:open_chest":85,"minecraft:crouch_one_cm":395,"minecraft:fall_one_cm":12273},"minecraft:killed":{"minecraft:phantom":1,"apocalypsenow:runner_45":2,"born_in_chaos_v1:corpse_fish":3,"minecraft:drowned":1,"undead_revamp2:sucker":1,"alexsmobs:flying_fish":3,"laendli_transport:slabcrab":1},"minecraft:killed_by":{"undead_revamp2:the_moonflower":1,"apocalypsenow:runner_43":2,"minecraft:phantom":1},"minecraft:mined":{"minecraft:attached_melon_stem":4,"minecraft:jungle_leaves":4,"minecraft:granite":1,"minecraft:jungle_planks":35,"minecraft:jungle_log":27,"minecraft:oak_trapdoor":4,"minecraft:furnace":1,"supplementaries:flax":21,"minecraft:andesite":10,"minecraft:vine":10,"minecraft:bamboo_sapling":2,"minecraft:bamboo":2,"minecraft:stone":11,"minecraft:melon_stem":4,"minecraft:crafting_table":2,"bakery:wild_strawberries":4,"minecraft:poppy":1,"minecraft:melon":5,"supplementaries:wild_flax":13,"farmersdelight:cabbages":8,"minecraft:copper_ore":4,"minecraft:sugar_cane":27,"minecraft:oak_planks":10,"minecraft:wall_torch":1,"farmersdelight:wild_beetroots":16,"jeg:scrap_workbench":3,"farmersdelight:sandy_shrub":1,"minecraft:wheat":14,"minecraft:birch_log":11,"minecraft:birch_leaves":1,"biomesoplenty:waterlily":1,"minecraft:grass":3,"minecraft:oak_log":8,"minecraft:coal_ore":10,"minecraft:beetroots":34,"minecraft:cocoa":67,"minecraft:gravel":3,"minecraft:sand":87,"minecraft:dirt":1,"farmersdelight:stove":1,"minecraft:oak_leaves":8,"minecraft:fern":1},"minecraft:dropped":{"minecraft:iron_ingot":2,"minecraft:iron_sword":1,"jeg:circuit_board":1,"minecraft:jungle_planks":11,"minecraft:stick":7,"minecraft:wooden_axe":1,"minecraft:wooden_sword":1,"born_in_chaos_v1:trident_hayfork":1,"minecraft:sand":16,"minecraft:iron_pickaxe":1,"minecraft:string":1,"undead_revamp2:suckermemebrane":2,"minecraft:sugar_cane":1,"minecraft:stone_sword":1,"alexsmobs:animal_dictionary":1,"minecraft:raw_copper":20,"apocalypsenow:chocolate_bar":12,"minecraft:rotten_flesh":12,"minecraft:charcoal":63,"minecraft:melon_seeds":2,"iceandfire:silver_ingot":1,"minecraft:wooden_shovel":1,"minecraft:brick":39},"minecraft:picked_up":{"minecraft:wooden_axe":1,"minecraft:charcoal":63,"minecraft:cocoa_beans":202,"minecraft:crafting_table":2,"minecraft:wheat":14,"minecraft:ladder":9,"bakery:strawberry_seeds":1,"jeg:scrap_workbench":3,"minecraft:oak_trapdoor":4,"minecraft:string":1,"minecraft:raw_copper":5,"minecraft:wooden_sword":1,"minecraft:beetroot":35,"alexsmobs:banana":1,"farmersdelight:cabbage":6,"minecraft:bucket":1,"minecraft:jungle_sapling":1,"minecraft:poppy":1,"minecraft:iron_pickaxe":1,"minecraft:melon_slice":43,"minecraft:sugar_cane":45,"farmersdelight:cabbage_seeds":20,"minecraft:furnace":1,"minecraft:stick":11,"undead_revamp2:suckermemebrane":2,"minecraft:torch":1,"supplementaries:flax":19,"jeg:circuit_board":1,"apocalypsenow:aabattery":1,"minecraft:rotten_flesh":21,"minecraft:beetroot_seeds":112,"supplementaries:ash":5,"born_in_chaos_v1:trident_hayfork":1,"minecraft:cod":2,"alexsmobs:flying_fish":3,"minecraft:cobblestone":10,"minecraft:birch_log":11,"minecraft:jungle_boat":1,"minecraft:andesite":4,"minecraft:jungle_log":26,"minecraft:oak_log":8,"minecraft:lily_pad":6,"supplementaries:flax_seeds":58,"minecraft:dirt":24,"minecraft:bone":2,"minecraft:stonecutter":1,"apocalypsenow:human_flesh":11,"minecraft:wheat_seeds":43,"minecraft:iron_ingot":7,"minecraft:bamboo":24,"minecraft:moss_block":1,"minecraft:stone_hoe":1,"minecraft:oak_planks":10,"minecraft:iron_sword":1,"bakery:strawberry":3,"biomesoplenty:waterlily":3,"minecraft:gravel":15,"minecraft:jungle_planks":51,"minecraft:sand":102,"alexsmobs:animal_dictionary":2,"minecraft:granite":2,"minecraft:bone_meal":2,"born_in_chaos_v1:rotten_fish":3,"minecraft:melon_seeds":17,"minecraft:coal":5,"farmersdelight:stove":1}},"DataVersion":3465}