{"stats":{"minecraft:killed":{"apocalypsenow:horde_2":1,"hordes:zombie_player":1,"born_in_chaos_v1:corpse_fly":1},"minecraft:crafted":{"biomesoplenty:fir_planks":12,"minecraft:crafting_table":2,"minecraft:torch":8},"minecraft:custom":{"minecraft:time_since_rest":2382,"minecraft:sprint_one_cm":3503,"minecraft:damage_taken":1238,"minecraft:walk_one_cm":176491,"minecraft:mob_kills":3,"minecraft:drop":10,"minecraft:damage_dealt":712,"minecraft:fly_one_cm":4694,"minecraft:crouch_one_cm":330,"minecraft:play_time":51377,"minecraft:deaths":5,"minecraft:sneak_time":77,"minecraft:jump":402,"minecraft:leave_game":1,"minecraft:time_since_death":0,"minecraft:total_world_time":51377,"minecraft:fall_one_cm":2002},"minecraft:dropped":{"apocalypsenow:human_flesh":2,"biomesoplenty:fir_planks":21,"minecraft:stone_sword":1,"minecraft:torch":8,"minecraft:cobblestone":3,"minecraft:granite":1,"minecraft:stone_pickaxe":2,"minecraft:wooden_pickaxe":1,"minecraft:carrot":9},"minecraft:picked_up":{"born_in_chaos_v1:corpse_maggot":4,"minecraft:stick":16,"born_in_chaos_v1:river_mint":2,"apocalypsenow:contamination_suit_green_helmet":2,"minecraft:wooden_pickaxe":3,"biomesoplenty:fir_sapling":1,"biomesoplenty:fir_log":3,"jeg:scrap":13,"minecraft:carrot":14,"minecraft:cornflower":1,"minecraft:dirt":42,"alexsmobs:animal_dictionary":1,"born_in_chaos_v1:marigolds":1,"minecraft:arrow":2,"minecraft:stone_sword":2,"minecraft:bone":2,"minecraft:rotten_flesh":4,"apocalypsenow:human_flesh":3,"minecraft:wheat_seeds":5,"biomesoplenty:fir_planks":21,"vinery:white_grape_seeds":2,"minecraft:granite":1,"minecraft:stone_pickaxe":3,"alexsmobs:maggot":1,"minecraft:coal":24,"minecraft:cobblestone":27,"minecraft:sunflower":1},"minecraft:used":{"born_in_chaos_v1:corpse_maggot":4,"alexsmobs:maggot":1,"minecraft:stone_sword":7,"minecraft:stone_pickaxe":5,"minecraft:wooden_pickaxe":18,"minecraft:dirt":6,"minecraft:crafting_table":1,"apocalypsenow:human_flesh":1},"minecraft:mined":{"born_in_chaos_v1:marigolds":1,"farmersdelight:wild_carrots":9,"born_in_chaos_v1:river_mint":2,"minecraft:cornflower":1,"minecraft:crafting_table":1,"minecraft:grass":9,"minecraft:grass_block":42,"minecraft:coal_ore":4,"minecraft:sunflower":2,"minecraft:tall_grass":2,"biomesoplenty:barley":39,"minecraft:stone":10,"vinery:white_grape_bush":1},"minecraft:killed_by":{"hordes:zombie_player":2,"minecraft:player":1,"apocalypsenow:runner_50":1,"minecraft:zombie":1}},"DataVersion":3465}