{"stats":{"minecraft:used":{"minecraft:melon_slice":1,"minecraft:wooden_shovel":59,"minecraft:sand":78},"minecraft:mined":{"minecraft:vine":3,"minecraft:cocoa":1,"minecraft:jungle_log":4,"minecraft:sand":80,"supplementaries:wild_flax":1,"minecraft:sugar_cane":2},"minecraft:crafted":{"minecraft:wooden_sword":1,"minecraft:wooden_shovel":2,"minecraft:stick":12,"minecraft:wooden_axe":2,"minecraft:jungle_planks":16},"minecraft:broken":{"minecraft:wooden_shovel":1},"minecraft:killed_by":{"apocalypsenow:runner_43":2},"minecraft:picked_up":{"minecraft:cocoa_beans":4,"minecraft:stick":4,"minecraft:jungle_log":4,"minecraft:sand":94,"minecraft:jungle_planks":11,"minecraft:dirt":23,"alexsmobs:animal_dictionary":2,"minecraft:wooden_sword":1,"minecraft:rotten_flesh":3,"minecraft:wheat_seeds":3,"apocalypsenow:human_flesh":6,"minecraft:jungle_sapling":1,"minecraft:sugar_cane":5,"minecraft:bamboo":6,"born_in_chaos_v1:rotten_fish":1,"minecraft:melon_slice":17,"minecraft:melon_seeds":5},"minecraft:dropped":{"alexsmobs:animal_dictionary":1,"minecraft:wooden_axe":1,"minecraft:wooden_shovel":1,"minecraft:wooden_sword":1,"minecraft:sand":16},"minecraft:custom":{"minecraft:time_since_rest":28315,"minecraft:sprint_one_cm":1365,"minecraft:damage_taken":536,"minecraft:walk_one_cm":77845,"minecraft:drop":5,"minecraft:fly_one_cm":1228,"minecraft:interact_with_crafting_table":2,"minecraft:play_time":34748,"minecraft:deaths":2,"minecraft:walk_under_water_one_cm":875,"minecraft:boat_one_cm":54132,"minecraft:jump":62,"minecraft:walk_on_water_one_cm":17126,"minecraft:time_since_death":27338,"minecraft:climb_one_cm":679,"minecraft:total_world_time":34748,"minecraft:fall_one_cm":2100}},"DataVersion":3465}