{"stats":{"minecraft:mined":{"minecraft:cocoa":1,"minecraft:vine":3,"minecraft:jungle_log":4,"supplementaries:wild_flax":1},"minecraft:crafted":{"minecraft:jungle_planks":16},"minecraft:killed_by":{"apocalypsenow:runner_43":2},"minecraft:picked_up":{"minecraft:wooden_sword":1,"minecraft:cocoa_beans":4,"minecraft:stick":4,"minecraft:rotten_flesh":3,"minecraft:jungle_log":4,"apocalypsenow:human_flesh":6,"minecraft:wheat_seeds":3,"minecraft:jungle_planks":11,"minecraft:sand":16,"minecraft:jungle_sapling":1,"minecraft:bamboo":6,"minecraft:melon_slice":17,"minecraft:melon_seeds":5,"alexsmobs:animal_dictionary":2,"minecraft:dirt":23},"minecraft:dropped":{"minecraft:sand":16,"alexsmobs:animal_dictionary":1},"minecraft:custom":{"minecraft:time_since_rest":16315,"minecraft:play_time":22748,"minecraft:walk_one_cm":45619,"minecraft:damage_taken":496,"minecraft:deaths":2,"minecraft:walk_under_water_one_cm":427,"minecraft:drop":2,"minecraft:boat_one_cm":19374,"minecraft:jump":57,"minecraft:time_since_death":15338,"minecraft:walk_on_water_one_cm":15545,"minecraft:total_world_time":22748,"minecraft:climb_one_cm":679,"minecraft:fall_one_cm":2100,"minecraft:fly_one_cm":1228}},"DataVersion":3465}