{
  "minecraft:recipes/decorations/ladder": {
    "criteria": {
      "has_stick": "2024-10-22 02:41:49 +0000"
    },
    "done": true
  },
  "cfm:recipes/decorations/stripped_warped_kitchen_sink_light": {
    "criteria": {
      "has_bucket": "2024-10-22 03:24:50 +0000"
    },
    "done": true
  },
  "minecraft:recipes/food/baked_potato_from_grill_cooking": {
    "criteria": {
      "has_potato": "2024-10-22 02:44:02 +0000"
    },
    "done": true
  },
  "cfm:recipes/decorations/acacia_kitchen_sink_dark": {
    "criteria": {
      "has_bucket": "2024-10-22 03:24:50 +0000"
    },
    "done": true
  },
  "cfm:recipes/decorations/stripped_spruce_kitchen_counter": {
    "criteria": {
      "has_log": "2024-10-22 02:41:41 +0000"
    },
    "done": true
  },
  "farmersdelight:recipes/cooking/stuffed_pumpkin_block": {
    "criteria": {
      "has_pumpkin": "2024-10-22 02:45:26 +0000"
    },
    "done": true
  },
  "supplementaries:recipes/crank": {
    "criteria": {
      "forge:rods/wooden": "2024-10-22 02:41:49 +0000"
    },
    "done": true
  },
  "cfm:recipes/decorations/spruce_coffee_table": {
    "criteria": {
      "has_log": "2024-10-22 02:41:41 +0000"
    },
    "done": true
  },
  "biomesoplenty:recipes/redstone/tnt_from_bop_sand": {
    "criteria": {
      "has_gunpowder": "2024-10-22 03:20:35 +0000"
    },
    "done": true
  },
  "iceandfire:recipes/misc/dragon_bone_wall": {
    "criteria": {
      "has_item": "2024-10-22 03:12:53 +0000"
    },
    "done": true
  },
  "cfm:recipes/decorations/jungle_kitchen_sink_dark": {
    "criteria": {
      "has_bucket": "2024-10-22 03:24:50 +0000"
    },
    "done": true
  },
  "cfm:recipes/decorations/spruce_chair": {
    "criteria": {
      "has_log": "2024-10-22 02:41:41 +0000"
    },
    "done": true
  },
  "cfm:recipes/decorations/brown_kitchen_sink": {
    "criteria": {
      "has_bucket": "2024-10-22 03:24:50 +0000"
    },
    "done": true
  },
  "iceandfire:recipes/combat/armor_white_leggings": {
    "criteria": {
      "has_item": "2024-10-22 03:24:57 +0000"
    },
    "done": true
  },
  "supplementaries:recipes/spring_launcher": {
    "criteria": {
      "has_gunpowder": "2024-10-22 03:20:35 +0000"
    },
    "done": true
  },
  "minecraft:recipes/food/cooked_cod_from_smoking": {
    "criteria": {
      "has_cod": "2024-10-22 03:23:28 +0000"
    },
    "done": true
  },
  "cfm:recipes/decorations/stripped_warped_kitchen_sink_dark": {
    "criteria": {
      "has_bucket": "2024-10-22 03:24:50 +0000"
    },
    "done": true
  },
  "cfm:recipes/decorations/stripped_jungle_kitchen_sink_light": {
    "criteria": {
      "has_bucket": "2024-10-22 03:24:50 +0000"
    },
    "done": true
  },
  "biomesoplenty:recipes/transportation/willow_boat": {
    "criteria": {
      "in_water": "2024-10-22 02:41:29 +0000"
    },
    "done": true
  },
  "undead_revamp2:theundeadchallenges": {
    "criteria": {
      "theundeadchallenges_0": "2024-10-22 02:39:04 +0000"
    },
    "done": true
  },
  "minecraft:recipes/combat/diamond_sword": {
    "criteria": {
      "has_diamond": "2024-10-22 03:13:41 +0000"
    },
    "done": true
  },
  "minecraft:recipes/misc/white_dye": {
    "criteria": {
      "has_bone_meal": "2024-10-22 03:23:55 +0000"
    },
    "done": true
  },
  "minecraft:recipes/decorations/jukebox": {
    "criteria": {
      "has_diamond": "2024-10-22 03:13:41 +0000"
    },
    "done": true
  },
  "supplementaries:recipes/flags/flag_orange": {
    "criteria": {
      "has_stick": "2024-10-22 02:41:49 +0000"
    },
    "done": true
  },
  "supplementaries:recipes/flags/flag_magenta": {
    "criteria": {
      "has_stick": "2024-10-22 02:41:49 +0000"
    },
    "done": true
  },
  "minecraft:recipes/combat/diamond_chestplate": {
    "criteria": {
      "has_diamond": "2024-10-22 03:13:41 +0000"
    },
    "done": true
  },
  "minecraft:story/mine_stone": {
    "criteria": {
      "get_stone": "2024-10-22 02:43:11 +0000"
    },
    "done": true
  },
  "minecraft:recipes/decorations/furnace": {
    "criteria": {
      "has_cobblestone": "2024-10-22 02:43:11 +0000"
    },
    "done": true
  },
  "cfm:recipes/decorations/spruce_kitchen_sink_light": {
    "criteria": {
      "has_bottom": "2024-10-22 02:41:46 +0000"
    },
    "done": true
  },
  "supplementaries:recipes/soap": {
    "criteria": {
      "forge:ash": "2024-10-22 02:57:53 +0000"
    },
    "done": true
  },
  "cfm:recipes/decorations/stripped_mangrove_kitchen_sink_dark": {
    "criteria": {
      "has_bucket": "2024-10-22 03:24:50 +0000"
    },
    "done": true
  },
  "vinery:recipes/spruce_wine_rack_big": {
    "criteria": {
      "has_spruce_planks": "2024-10-22 02:41:46 +0000"
    },
    "done": true
  },
  "supplementaries:recipes/lock_block": {
    "criteria": {
      "minecraft:planks": "2024-10-22 02:41:46 +0000"
    },
    "done": true
  },
  "minecraft:recipes/tools/wooden_axe": {
    "criteria": {
      "has_stick": "2024-10-22 02:41:49 +0000"
    },
    "done": true
  },
  "cfm:recipes/decorations/magenta_kitchen_sink": {
    "criteria": {
      "has_bucket": "2024-10-22 03:24:50 +0000"
    },
    "done": true
  },
  "minecraft:recipes/decorations/crafting_table": {
    "criteria": {
      "unlock_right_away": "2024-10-22 02:39:04 +0000"
    },
    "done": true
  },
  "minecraft:recipes/decorations/chest": {
    "criteria": {
      "has_lots_of_items": "2024-10-22 02:44:55 +0000"
    },
    "done": true
  },
  "minecraft:recipes/misc/stick": {
    "criteria": {
      "has_planks": "2024-10-22 02:41:46 +0000"
    },
    "done": true
  },
  "minecraft:recipes/building_blocks/cobblestone_slab_from_cobblestone_stonecutting": {
    "criteria": {
      "has_cobblestone": "2024-10-22 02:43:11 +0000"
    },
    "done": true
  },
  "minecraft:recipes/transportation/cherry_boat": {
    "criteria": {
      "in_water": "2024-10-22 02:41:29 +0000"
    },
    "done": true
  },
  "minecraft:recipes/tools/diamond_pickaxe": {
    "criteria": {
      "has_diamond": "2024-10-22 03:13:41 +0000"
    },
    "done": true
  },
  "minecraft:adventure/kill_all_mobs": {
    "criteria": {
      "minecraft:skeleton": "2024-10-22 03:19:04 +0000",
      "minecraft:creeper": "2024-10-22 03:16:27 +0000",
      "minecraft:zombie": "2024-10-22 03:16:53 +0000"
    },
    "done": false
  },
  "cfm:recipes/decorations/oak_kitchen_sink_dark": {
    "criteria": {
      "has_bucket": "2024-10-22 03:24:50 +0000"
    },
    "done": true
  },
  "cfm:recipes/decorations/white_kitchen_sink": {
    "criteria": {
      "has_bucket": "2024-10-22 03:24:50 +0000"
    },
    "done": true
  },
  "biomesoplenty:recipes/transportation/umbran_boat": {
    "criteria": {
      "in_water": "2024-10-22 02:41:29 +0000"
    },
    "done": true
  },
  "bakery:main/get_everything": {
    "criteria": {
      "bakery:braided_bread": "2024-10-22 03:15:02 +0000",
      "bakery:sandwich": "2024-10-22 03:15:05 +0000",
      "bakery:cornet": "2024-10-22 03:26:33 +0000",
      "bakery:croissant": "2024-10-22 03:07:46 +0000"
    },
    "done": false
  },
  "iceandfire:recipes/misc/dragon_flute": {
    "criteria": {
      "has_item": "2024-10-22 03:12:53 +0000"
    },
    "done": true
  },
  "cfm:recipes/decorations/spruce_desk": {
    "criteria": {
      "has_log": "2024-10-22 02:41:41 +0000"
    },
    "done": true
  },
  "vinery:recipes/spruce_wine_rack_small": {
    "criteria": {
      "has_spruce_planks": "2024-10-22 02:41:46 +0000"
    },
    "done": true
  },
  "iceandfire:recipes/combat/armor_white_helmet": {
    "criteria": {
      "has_item": "2024-10-22 03:24:57 +0000"
    },
    "done": true
  },
  "minecraft:recipes/building_blocks/stone": {
    "criteria": {
      "has_cobblestone": "2024-10-22 02:43:11 +0000"
    },
    "done": true
  },
  "vinery:recipes/dirt_slab": {
    "criteria": {
      "has_dirt": "2024-10-22 02:43:33 +0000"
    },
    "done": true
  },
  "minecraft:recipes/transportation/bamboo_raft": {
    "criteria": {
      "in_water": "2024-10-22 02:41:29 +0000"
    },
    "done": true
  },
  "biomesoplenty:recipes/building_blocks/maple_wood": {
    "criteria": {
      "has_log": "2024-10-22 03:19:45 +0000"
    },
    "done": true
  },
  "solcarrot:recipes/food_book": {
    "criteria": {
      "has_book": "2024-10-22 02:39:03 +0000",
      "has_carrot": "2024-10-22 02:39:03 +0000"
    },
    "done": true
  },
  "iceandfire:recipes/combat/armor_sapphire_boots": {
    "criteria": {
      "has_item": "2024-10-22 03:12:58 +0000"
    },
    "done": true
  },
  "cfm:recipes/decorations/stripped_spruce_park_bench": {
    "criteria": {
      "has_log": "2024-10-22 02:41:41 +0000"
    },
    "done": true
  },
  "vinery:recipes/grapevine_pot": {
    "criteria": {
      "has_spruce_planks": "2024-10-22 02:41:46 +0000"
    },
    "done": true
  },
  "cfm:recipes/decorations/dark_oak_kitchen_sink_light": {
    "criteria": {
      "has_bucket": "2024-10-22 03:24:50 +0000"
    },
    "done": true
  },
  "minecraft:recipes/food/cooked_cod_from_grill_cooking": {
    "criteria": {
      "has_cod": "2024-10-22 03:23:28 +0000"
    },
    "done": true
  },
  "farmersdelight:recipes/cooking/baked_cod_stew": {
    "criteria": {
      "has_any_ingredient": "2024-10-22 02:44:02 +0000"
    },
    "done": true
  },
  "biomesoplenty:recipes/transportation/dead_boat": {
    "criteria": {
      "in_water": "2024-10-22 02:41:29 +0000"
    },
    "done": true
  },
  "iceandfire:iceandfire/kill_if_dragon": {
    "criteria": {
      "killed_ice_dragon": "2024-10-22 03:24:24 +0000"
    },
    "done": true
  },
  "biomesoplenty:recipes/transportation/magic_boat": {
    "criteria": {
      "in_water": "2024-10-22 02:41:29 +0000"
    },
    "done": true
  },
  "cfm:recipes/decorations/lime_kitchen_sink": {
    "criteria": {
      "has_bucket": "2024-10-22 03:24:50 +0000"
    },
    "done": true
  },
  "supplementaries:recipes/ash_brick": {
    "criteria": {
      "forge:ash": "2024-10-22 02:57:53 +0000"
    },
    "done": true
  },
  "cfm:recipes/decorations/purple_kitchen_sink": {
    "criteria": {
      "has_bucket": "2024-10-22 03:24:50 +0000"
    },
    "done": true
  },
  "bakery:recipes/cupcake_display": {
    "criteria": {
      "has_stick": "2024-10-22 02:41:49 +0000"
    },
    "done": true
  },
  "cfm:recipes/decorations/acacia_kitchen_sink_light": {
    "criteria": {
      "has_bucket": "2024-10-22 03:24:50 +0000"
    },
    "done": true
  },
  "minecraft:recipes/decorations/spruce_fence": {
    "criteria": {
      "has_planks": "2024-10-22 02:41:46 +0000"
    },
    "done": true
  },
  "minecraft:recipes/tools/diamond_hoe": {
    "criteria": {
      "has_diamond": "2024-10-22 03:13:41 +0000"
    },
    "done": true
  },
  "minecraft:recipes/tools/diamond_shovel": {
    "criteria": {
      "has_diamond": "2024-10-22 03:13:41 +0000"
    },
    "done": true
  },
  "iceandfire:recipes/combat/armor_sapphire_helmet": {
    "criteria": {
      "has_item": "2024-10-22 03:12:58 +0000"
    },
    "done": true
  },
  "cfm:recipes/decorations/stripped_oak_kitchen_sink_dark": {
    "criteria": {
      "has_bucket": "2024-10-22 03:24:50 +0000"
    },
    "done": true
  },
  "cfm:recipes/decorations/stripped_spruce_cabinet": {
    "criteria": {
      "has_log": "2024-10-22 02:41:41 +0000"
    },
    "done": true
  },
  "cfm:recipes/decorations/black_kitchen_sink": {
    "criteria": {
      "has_bucket": "2024-10-22 03:24:50 +0000"
    },
    "done": true
  },
  "farmersdelight:recipes/cooking/glow_berry_custard": {
    "criteria": {
      "has_any_ingredient": "2024-10-22 03:07:10 +0000"
    },
    "done": true
  },
  "cfm:recipes/decorations/orange_kitchen_sink": {
    "criteria": {
      "has_bucket": "2024-10-22 03:24:50 +0000"
    },
    "done": true
  },
  "farmersdelight:recipes/food/kelp_roll": {
    "criteria": {
      "has_dried_kelp": "2024-10-22 03:23:34 +0000"
    },
    "done": true
  },
  "supplementaries:recipes/daub_cross_brace": {
    "criteria": {
      "forge:rods/wooden": "2024-10-22 02:41:49 +0000"
    },
    "done": true
  },
  "minecraft:recipes/food/pumpkin_pie": {
    "criteria": {
      "has_pumpkin": "2024-10-22 02:45:26 +0000"
    },
    "done": true
  },
  "bakery:recipes/crafting_bowl": {
    "criteria": {
      "has_dried_kelp": "2024-10-22 03:23:34 +0000"
    },
    "done": true
  },
  "vinery:recipes/dark_cherry_shelf": {
    "criteria": {
      "has_spruce_planks": "2024-10-22 02:41:46 +0000"
    },
    "done": true
  },
  "iceandfire:recipes/combat/armor_sapphire_chestplate": {
    "criteria": {
      "has_item": "2024-10-22 03:12:58 +0000"
    },
    "done": true
  },
  "cfm:recipes/decorations/stripped_spruce_coffee_table": {
    "criteria": {
      "has_planks": "2024-10-22 02:41:41 +0000"
    },
    "done": true
  },
  "iceandfire:recipes/misc/skull_to_bone_meal": {
    "criteria": {
      "has_item": "2024-10-22 03:12:57 +0000"
    },
    "done": true
  },
  "cfm:recipes/decorations/gray_kitchen_sink": {
    "criteria": {
      "has_bucket": "2024-10-22 03:24:50 +0000"
    },
    "done": true
  },
  "supplementaries:recipes/planter_rich": {
    "criteria": {
      "has_bone_meal": "2024-10-22 03:23:55 +0000"
    },
    "done": true
  },
  "iceandfire:iceandfire/root": {
    "criteria": {
      "tick": "2024-10-22 02:39:04 +0000"
    },
    "done": true
  },
  "minecraft:recipes/redstone/spruce_button": {
    "criteria": {
      "has_planks": "2024-10-22 02:41:46 +0000"
    },
    "done": true
  },
  "iceandfire:recipes/misc/nest": {
    "criteria": {
      "has_item": "2024-10-22 03:12:53 +0000"
    },
    "done": true
  },
  "iceandfire:recipes/building_blocks/dragonscales_white_to_dragonscale_white": {
    "criteria": {
      "has_dragonscales_white": "2024-10-22 03:24:57 +0000"
    },
    "done": true
  },
  "farmersdelight:recipes/cooking/hot_cocoa": {
    "criteria": {
      "has_any_ingredient": "2024-10-22 03:07:10 +0000"
    },
    "done": true
  },
  "cfm:recipes/decorations/stripped_spruce_kitchen_sink_light": {
    "criteria": {
      "has_bucket": "2024-10-22 03:24:50 +0000"
    },
    "done": true
  },
  "cfm:recipes/decorations/blue_kitchen_sink": {
    "criteria": {
      "has_bucket": "2024-10-22 03:24:50 +0000"
    },
    "done": true
  },
  "minecraft:recipes/food/cooked_porkchop": {
    "criteria": {
      "has_porkchop": "2024-10-22 03:07:40 +0000"
    },
    "done": true
  },
  "cfm:recipes/decorations/stripped_spruce_chair": {
    "criteria": {
      "has_planks": "2024-10-22 02:41:41 +0000"
    },
    "done": true
  },
  "supplementaries:recipes/flags/flag_pink": {
    "criteria": {
      "has_stick": "2024-10-22 02:41:49 +0000"
    },
    "done": true
  },
  "iceandfire:recipes/combat/dragonbone_bow": {
    "criteria": {
      "has_item": "2024-10-22 03:12:53 +0000"
    },
    "done": true
  },
  "minecraft:recipes/redstone/spruce_pressure_plate": {
    "criteria": {
      "has_planks": "2024-10-22 02:41:46 +0000"
    },
    "done": true
  },
  "minecraft:recipes/tools/stone_pickaxe": {
    "criteria": {
      "has_cobblestone": "2024-10-22 02:43:11 +0000"
    },
    "done": true
  },
  "cfm:recipes/decorations/spruce_kitchen_sink_dark": {
    "criteria": {
      "has_bottom": "2024-10-22 02:41:46 +0000"
    },
    "done": true
  },
  "iceandfire:recipes/combat/armor_white_chestplate": {
    "criteria": {
      "has_item": "2024-10-22 03:24:57 +0000"
    },
    "done": true
  },
  "cfm:recipes/decorations/mangrove_kitchen_sink_light": {
    "criteria": {
      "has_bucket": "2024-10-22 03:24:50 +0000"
    },
    "done": true
  },
  "minecraft:recipes/decorations/campfire": {
    "criteria": {
      "has_stick": "2024-10-22 02:41:49 +0000"
    },
    "done": true
  },
  "supplementaries:recipes/timber_frame": {
    "criteria": {
      "forge:rods/wooden": "2024-10-22 02:41:49 +0000"
    },
    "done": true
  },
  "cfm:recipes/decorations/pink_kitchen_sink": {
    "criteria": {
      "has_bucket": "2024-10-22 03:24:50 +0000"
    },
    "done": true
  },
  "minecraft:recipes/tools/wooden_hoe": {
    "criteria": {
      "has_stick": "2024-10-22 02:41:49 +0000"
    },
    "done": true
  },
  "cfm:recipes/decorations/stripped_acacia_kitchen_sink_dark": {
    "criteria": {
      "has_bucket": "2024-10-22 03:24:50 +0000"
    },
    "done": true
  },
  "minecraft:recipes/misc/charcoal": {
    "criteria": {
      "has_log": "2024-10-22 02:41:41 +0000"
    },
    "done": true
  },
  "vinery:recipes/campfire": {
    "criteria": {
      "has_stick": "2024-10-22 02:41:49 +0000"
    },
    "done": true
  },
  "cfm:recipes/decorations/mangrove_kitchen_sink_dark": {
    "criteria": {
      "has_bucket": "2024-10-22 03:24:50 +0000"
    },
    "done": true
  },
  "iceandfire:recipes/building_blocks/dragon_bone_block": {
    "criteria": {
      "has_dragonbone": "2024-10-22 03:12:53 +0000"
    },
    "done": true
  },
  "cfm:recipes/decorations/stripped_acacia_kitchen_sink_light": {
    "criteria": {
      "has_bucket": "2024-10-22 03:24:50 +0000"
    },
    "done": true
  },
  "minecraft:recipes/combat/diamond_helmet": {
    "criteria": {
      "has_diamond": "2024-10-22 03:13:41 +0000"
    },
    "done": true
  },
  "supplementaries:recipes/slingshot": {
    "criteria": {
      "forge:rods/wooden": "2024-10-22 02:41:49 +0000"
    },
    "done": true
  },
  "supplementaries:recipes/timber_brace": {
    "criteria": {
      "forge:rods/wooden": "2024-10-22 02:41:49 +0000"
    },
    "done": true
  },
  "biomesoplenty:biomesoplenty/root": {
    "criteria": {
      "pasture": "2024-10-22 02:39:05 +0000"
    },
    "done": true
  },
  "bakery:main/root": {
    "criteria": {
      "seeds": "2024-10-22 02:39:03 +0000"
    },
    "done": true
  },
  "cfm:recipes/decorations/spruce_upgraded_fence": {
    "criteria": {
      "has_log": "2024-10-22 02:41:41 +0000"
    },
    "done": true
  },
  "supplementaries:recipes/turn_table": {
    "criteria": {
      "minecraft:planks": "2024-10-22 02:41:46 +0000"
    },
    "done": true
  },
  "minecraft:recipes/food/cooked_porkchop_from_grill_cooking": {
    "criteria": {
      "has_porkchop": "2024-10-22 03:07:40 +0000"
    },
    "done": true
  },
  "cfm:recipes/decorations/birch_kitchen_sink_light": {
    "criteria": {
      "has_bucket": "2024-10-22 03:24:50 +0000"
    },
    "done": true
  },
  "minecraft:recipes/tools/wooden_shovel": {
    "criteria": {
      "has_stick": "2024-10-22 02:41:49 +0000"
    },
    "done": true
  },
  "minecraft:recipes/building_blocks/cobblestone_slab": {
    "criteria": {
      "has_cobblestone": "2024-10-22 02:43:11 +0000"
    },
    "done": true
  },
  "biomesoplenty:recipes/transportation/pine_boat": {
    "criteria": {
      "in_water": "2024-10-22 02:41:29 +0000"
    },
    "done": true
  },
  "cfm:recipes/decorations/spruce_park_bench": {
    "criteria": {
      "has_log": "2024-10-22 02:41:41 +0000"
    },
    "done": true
  },
  "minecraft:recipes/transportation/acacia_boat": {
    "criteria": {
      "in_water": "2024-10-22 02:41:29 +0000"
    },
    "done": true
  },
  "minecraft:adventure/root": {
    "criteria": {
      "killed_something": "2024-10-22 02:51:47 +0000"
    },
    "done": true
  },
  "supplementaries:recipes/clock_block": {
    "criteria": {
      "minecraft:planks": "2024-10-22 02:41:46 +0000"
    },
    "done": true
  },
  "mca:root": {
    "criteria": {
      "village_taiga": "2024-10-22 02:41:25 +0000"
    },
    "done": true
  },
  "iceandfire:recipes/tools/dragonbone_hoe": {
    "criteria": {
      "has_item": "2024-10-22 03:12:53 +0000"
    },
    "done": true
  },
  "supplementaries:recipes/flags/flag_black": {
    "criteria": {
      "has_stick": "2024-10-22 02:41:49 +0000"
    },
    "done": true
  },
  "mca:recipes/building_blocks/headstones": {
    "criteria": {
      "has_ingredients": "2024-10-22 02:43:11 +0000"
    },
    "done": true
  },
  "minecraft:recipes/combat/wooden_sword": {
    "criteria": {
      "has_stick": "2024-10-22 02:41:49 +0000"
    },
    "done": true
  },
  "mca:recipes/misc/bouquet": {
    "criteria": {
      "has_item": "2024-10-22 02:46:39 +0000"
    },
    "done": true
  },
  "minecraft:recipes/food/cooked_porkchop_from_smoking": {
    "criteria": {
      "has_porkchop": "2024-10-22 03:07:40 +0000"
    },
    "done": true
  },
  "minecraft:recipes/decorations/barrel": {
    "criteria": {
      "has_planks": "2024-10-22 02:41:46 +0000"
    },
    "done": true
  },
  "supplementaries:recipes/flags/flag_green": {
    "criteria": {
      "has_stick": "2024-10-22 02:41:49 +0000"
    },
    "done": true
  },
  "minecraft:recipes/decorations/cobblestone_wall_from_cobblestone_stonecutting": {
    "criteria": {
      "has_cobblestone": "2024-10-22 02:43:11 +0000"
    },
    "done": true
  },
  "minecraft:recipes/building_blocks/diamond_block": {
    "criteria": {
      "has_diamond": "2024-10-22 03:13:41 +0000"
    },
    "done": true
  },
  "vinery:main/crop_collector": {
    "criteria": {
      "vinery:red_grape_seeds": "2024-10-22 02:55:15 +0000"
    },
    "done": false
  },
  "cfm:recipes/decorations/yellow_kitchen_sink": {
    "criteria": {
      "has_bucket": "2024-10-22 03:24:50 +0000"
    },
    "done": true
  },
  "cfm:recipes/decorations/birch_kitchen_sink_dark": {
    "criteria": {
      "has_bucket": "2024-10-22 03:24:50 +0000"
    },
    "done": true
  },
  "minecraft:recipes/misc/firework_rocket_simple": {
    "criteria": {
      "has_gunpowder": "2024-10-22 03:20:35 +0000"
    },
    "done": true
  },
  "minecraft:recipes/building_blocks/cobblestone_stairs": {
    "criteria": {
      "has_cobblestone": "2024-10-22 02:43:11 +0000"
    },
    "done": true
  },
  "iceandfire:recipes/building_blocks/dragonscales_sapphire_to_dragonscale_sapphire": {
    "criteria": {
      "has_dragonscales_sapphire": "2024-10-22 03:12:58 +0000"
    },
    "done": true
  },
  "born_in_chaos_v1:bornin_chaos": {
    "criteria": {
      "bornin_chaos_0": "2024-10-22 02:39:04 +0000"
    },
    "done": true
  },
  "supplementaries:recipes/flags/flag_purple": {
    "criteria": {
      "has_stick": "2024-10-22 02:41:49 +0000"
    },
    "done": true
  },
  "minecraft:story/mine_diamond": {
    "criteria": {
      "diamond": "2024-10-22 03:13:41 +0000"
    },
    "done": true
  },
  "minecraft:recipes/tools/stone_shovel": {
    "criteria": {
      "has_cobblestone": "2024-10-22 02:43:11 +0000"
    },
    "done": true
  },
  "cfm:recipes/decorations/stripped_spruce_table": {
    "criteria": {
      "has_planks": "2024-10-22 02:41:41 +0000"
    },
    "done": true
  },
  "supplementaries:recipes/flags/flag_white": {
    "criteria": {
      "has_stick": "2024-10-22 02:41:49 +0000"
    },
    "done": true
  },
  "minecraft:recipes/transportation/jungle_boat": {
    "criteria": {
      "in_water": "2024-10-22 02:41:29 +0000"
    },
    "done": true
  },
  "cfm:recipes/decorations/cyan_kitchen_sink": {
    "criteria": {
      "has_bucket": "2024-10-22 03:24:50 +0000"
    },
    "done": true
  },
  "minecraft:recipes/building_blocks/bone_block": {
    "criteria": {
      "has_bone_meal": "2024-10-22 03:23:55 +0000"
    },
    "done": true
  },
  "minecraft:recipes/redstone/lever": {
    "criteria": {
      "has_cobblestone": "2024-10-22 02:43:11 +0000"
    },
    "done": true
  },
  "farmersdelight:recipes/cooking/dog_food": {
    "criteria": {
      "has_any_ingredient": "2024-10-22 02:57:53 +0000"
    },
    "done": true
  },
  "cfm:recipes/decorations/green_kitchen_sink": {
    "criteria": {
      "has_bucket": "2024-10-22 03:24:50 +0000"
    },
    "done": true
  },
  "farmersdelight:recipes/food/nether_salad": {
    "criteria": {
      "has_bowl": "2024-10-22 03:12:00 +0000"
    },
    "done": true
  },
  "farmersdelight:recipes/combat/diamond_knife": {
    "criteria": {
      "has_diamond": "2024-10-22 03:13:41 +0000"
    },
    "done": true
  },
  "cfm:recipes/decorations/stripped_dark_oak_kitchen_sink_dark": {
    "criteria": {
      "has_bucket": "2024-10-22 03:24:50 +0000"
    },
    "done": true
  },
  "farmersdelight:recipes/food/milk_bottle": {
    "criteria": {
      "has_milk_bucket": "2024-10-22 03:07:10 +0000"
    },
    "done": true
  },
  "iceandfire:recipes/misc/dragon_meal": {
    "criteria": {
      "has_item": "2024-10-22 03:07:40 +0000"
    },
    "done": true
  },
  "supplementaries:recipes/timber_cross_brace": {
    "criteria": {
      "forge:rods/wooden": "2024-10-22 02:41:49 +0000"
    },
    "done": true
  },
  "minecraft:recipes/combat/diamond_leggings": {
    "criteria": {
      "has_diamond": "2024-10-22 03:13:41 +0000"
    },
    "done": true
  },
  "farmersdelight:recipes/cooking/fish_stew": {
    "criteria": {
      "has_any_ingredient": "2024-10-22 03:23:28 +0000"
    },
    "done": true
  },
  "bakery:recipes/oat_seeds": {
    "criteria": {
      "has_wheat_seeds": "2024-10-22 02:49:02 +0000"
    },
    "done": true
  },
  "cfm:recipes/decorations/stripped_crimson_kitchen_sink_light": {
    "criteria": {
      "has_bucket": "2024-10-22 03:24:50 +0000"
    },
    "done": true
  },
  "minecraft:recipes/food/baked_potato_from_campfire_cooking": {
    "criteria": {
      "has_potato": "2024-10-22 02:44:02 +0000"
    },
    "done": true
  },
  "cfm:recipes/decorations/stripped_crimson_kitchen_sink_dark": {
    "criteria": {
      "has_bucket": "2024-10-22 03:24:50 +0000"
    },
    "done": true
  },
  "minecraft:recipes/combat/stone_sword": {
    "criteria": {
      "has_cobblestone": "2024-10-22 02:43:11 +0000"
    },
    "done": true
  },
  "minecraft:recipes/decorations/cobblestone_wall": {
    "criteria": {
      "has_cobblestone": "2024-10-22 02:43:11 +0000"
    },
    "done": true
  },
  "iceandfire:recipes/misc/silver_ingot_to_silver_nugget": {
    "criteria": {
      "has_silver_ingot": "2024-10-22 03:13:54 +0000"
    },
    "done": true
  },
  "minecraft:recipes/tools/stone_axe": {
    "criteria": {
      "has_cobblestone": "2024-10-22 02:43:11 +0000"
    },
    "done": true
  },
  "vinery:main/wild_crops": {
    "criteria": {
      "red_grape_seeds": "2024-10-22 02:55:15 +0000"
    },
    "done": true
  },
  "cfm:recipes/decorations/stripped_birch_kitchen_sink_dark": {
    "criteria": {
      "has_bucket": "2024-10-22 03:24:50 +0000"
    },
    "done": true
  },
  "supplementaries:recipes/flags/flag_brown": {
    "criteria": {
      "has_stick": "2024-10-22 02:41:49 +0000"
    },
    "done": true
  },
  "supplementaries:recipes/flags/flag_gray": {
    "criteria": {
      "has_stick": "2024-10-22 02:41:49 +0000"
    },
    "done": true
  },
  "farmersdelight:recipes/combat/flint_knife": {
    "criteria": {
      "has_stick": "2024-10-22 02:41:49 +0000"
    },
    "done": true
  },
  "supplementaries:recipes/flower_box": {
    "criteria": {
      "has_dirt": "2024-10-22 02:43:33 +0000"
    },
    "done": true
  },
  "iceandfire:recipes/tools/dragonbone_shovel": {
    "criteria": {
      "has_item": "2024-10-22 03:12:53 +0000"
    },
    "done": true
  },
  "supplementaries:recipes/faucet": {
    "criteria": {
      "forge:rods/wooden": "2024-10-22 02:41:49 +0000"
    },
    "done": true
  },
  "minecraft:recipes/food/baked_potato": {
    "criteria": {
      "has_potato": "2024-10-22 02:44:02 +0000"
    },
    "done": true
  },
  "iceandfire:recipes/combat/armor_sapphire_leggings": {
    "criteria": {
      "has_item": "2024-10-22 03:12:58 +0000"
    },
    "done": true
  },
  "alexsmobs:alexsmobs/root": {
    "criteria": {
      "useitem": "2024-10-22 02:41:17 +0000"
    },
    "done": true
  },
  "minecraft:recipes/decorations/spruce_sign": {
    "criteria": {
      "has_planks": "2024-10-22 02:41:46 +0000"
    },
    "done": true
  },
  "farmersdelight:recipes/cooking/noodle_soup": {
    "criteria": {
      "has_any_ingredient": "2024-10-22 03:07:40 +0000"
    },
    "done": true
  },
  "cfm:recipes/decorations/stripped_dark_oak_kitchen_sink_light": {
    "criteria": {
      "has_bucket": "2024-10-22 03:24:50 +0000"
    },
    "done": true
  },
  "cfm:recipes/decorations/spruce_blinds": {
    "criteria": {
      "has_log": "2024-10-22 02:41:41 +0000"
    },
    "done": true
  },
  "cfm:recipes/decorations/warped_kitchen_sink_dark": {
    "criteria": {
      "has_bucket": "2024-10-22 03:24:50 +0000"
    },
    "done": true
  },
  "iceandfire:recipes/combat/armor_white_boots": {
    "criteria": {
      "has_item": "2024-10-22 03:24:57 +0000"
    },
    "done": true
  },
  "supplementaries:recipes/bed_from_feather_block": {
    "criteria": {
      "minecraft:planks": "2024-10-22 02:41:46 +0000"
    },
    "done": true
  },
  "minecraft:recipes/misc/pumpkin_seeds": {
    "criteria": {
      "has_pumpkin": "2024-10-22 02:45:26 +0000"
    },
    "done": true
  },
  "supplementaries:recipes/checker": {
    "criteria": {
      "has_cobblestone": "2024-10-22 02:43:11 +0000"
    },
    "done": true
  },
  "cfm:recipes/decorations/crimson_kitchen_sink_light": {
    "criteria": {
      "has_bucket": "2024-10-22 03:24:50 +0000"
    },
    "done": true
  },
  "cfm:recipes/decorations/stripped_spruce_crate": {
    "criteria": {
      "has_planks": "2024-10-22 02:41:41 +0000"
    },
    "done": true
  },
  "cfm:recipes/decorations/dark_oak_kitchen_sink_dark": {
    "criteria": {
      "has_bucket": "2024-10-22 03:24:50 +0000"
    },
    "done": true
  },
  "cfm:recipes/decorations/stripped_jungle_kitchen_sink_dark": {
    "criteria": {
      "has_bucket": "2024-10-22 03:24:50 +0000"
    },
    "done": true
  },
  "biomesoplenty:recipes/transportation/fir_boat": {
    "criteria": {
      "in_water": "2024-10-22 02:41:29 +0000"
    },
    "done": true
  },
  "iceandfire:recipes/building_blocks/silver_ingot_to_silver_block": {
    "criteria": {
      "has_silver_ingot": "2024-10-22 03:13:54 +0000"
    },
    "done": true
  },
  "biomesoplenty:biomesoplenty/all_biomes": {
    "criteria": {
      "maple_woods": "2024-10-22 03:06:46 +0000",
      "orchard": "2024-10-22 02:49:57 +0000",
      "pasture": "2024-10-22 02:39:05 +0000",
      "lavender_field": "2024-10-22 02:46:27 +0000",
      "pumpkin_patch": "2024-10-22 02:45:33 +0000"
    },
    "done": false
  },
  "vinery:recipes/grapevine_lattice": {
    "criteria": {
      "has_stick": "2024-10-22 02:41:49 +0000"
    },
    "done": true
  },
  "cfm:recipes/decorations/spruce_cabinet": {
    "criteria": {
      "has_log": "2024-10-22 02:41:41 +0000"
    },
    "done": true
  },
  "minecraft:recipes/food/cooked_porkchop_from_campfire_cooking": {
    "criteria": {
      "has_porkchop": "2024-10-22 03:07:40 +0000"
    },
    "done": true
  },
  "jeg:recipes/jeg/workbench": {
    "criteria": {
      "has_planks": "2024-10-22 02:41:46 +0000"
    },
    "done": true
  },
  "farmersdelight:recipes/cooking/pumpkin_soup": {
    "criteria": {
      "has_any_ingredient": "2024-10-22 02:45:26 +0000"
    },
    "done": true
  },
  "minecraft:recipes/building_blocks/spruce_wood": {
    "criteria": {
      "has_log": "2024-10-22 02:41:41 +0000"
    },
    "done": true
  },
  "minecraft:recipes/misc/black_dye_from_wither_rose": {
    "criteria": {
      "has_wither_rose": "2024-10-22 03:30:30 +0000"
    },
    "done": true
  },
  "minecraft:recipes/misc/bone_meal": {
    "criteria": {
      "has_bone": "2024-10-22 03:21:21 +0000"
    },
    "done": true
  },
  "cfm:recipes/decorations/jungle_kitchen_sink_light": {
    "criteria": {
      "has_bucket": "2024-10-22 03:24:50 +0000"
    },
    "done": true
  },
  "alexsmobs:alexsmobs/seagull_steal": {
    "criteria": {
      "ex": "2024-10-22 03:10:34 +0000"
    },
    "done": true
  },
  "iceandfire:recipes/tools/dragonbone_axe": {
    "criteria": {
      "has_item": "2024-10-22 03:12:53 +0000"
    },
    "done": true
  },
  "iceandfire:recipes/misc/earplugs": {
    "criteria": {
      "has_item": "2024-10-22 02:41:46 +0000"
    },
    "done": true
  },
  "biomesoplenty:recipes/transportation/maple_boat": {
    "criteria": {
      "in_water": "2024-10-22 02:41:29 +0000"
    },
    "done": true
  },
  "supplementaries:recipes/speaker_block": {
    "criteria": {
      "minecraft:planks": "2024-10-22 02:41:46 +0000"
    },
    "done": true
  },
  "supplementaries:recipes/decorations/sign_post_spruce": {
    "criteria": {
      "has_planks": "2024-10-22 02:41:46 +0000"
    },
    "done": true
  },
  "cfm:recipes/decorations/light_gray_kitchen_sink": {
    "criteria": {
      "has_bucket": "2024-10-22 03:24:50 +0000"
    },
    "done": true
  },
  "supplementaries:recipes/flags/flag_light_blue": {
    "criteria": {
      "has_stick": "2024-10-22 02:41:49 +0000"
    },
    "done": true
  },
  "minecraft:recipes/transportation/spruce_boat": {
    "criteria": {
      "in_water": "2024-10-22 02:41:29 +0000"
    },
    "done": true
  },
  "supplementaries:recipes/pancake_fd": {
    "criteria": {
      "forge:milk": "2024-10-22 03:07:10 +0000"
    },
    "done": true
  },
  "vinery:recipes/dark_cherry_fence": {
    "criteria": {
      "has_stick": "2024-10-22 02:41:49 +0000"
    },
    "done": true
  },
  "cfm:recipes/decorations/stripped_mangrove_kitchen_sink_light": {
    "criteria": {
      "has_bucket": "2024-10-22 03:24:50 +0000"
    },
    "done": true
  },
  "cfm:recipes/decorations/spruce_crate": {
    "criteria": {
      "has_log": "2024-10-22 02:41:41 +0000"
    },
    "done": true
  },
  "minecraft:husbandry/root": {
    "criteria": {
      "consumed_item": "2024-10-22 02:41:17 +0000"
    },
    "done": true
  },
  "minecraft:recipes/transportation/birch_boat": {
    "criteria": {
      "in_water": "2024-10-22 02:41:29 +0000"
    },
    "done": true
  },
  "betterdeserttemples:root": {
    "criteria": {
      "always": "2024-10-22 02:39:04 +0000"
    },
    "done": true
  },
  "minecraft:recipes/transportation/oak_boat": {
    "criteria": {
      "in_water": "2024-10-22 02:41:29 +0000"
    },
    "done": true
  },
  "iceandfire:recipes/tools/dragonbone_pickaxe": {
    "criteria": {
      "has_item": "2024-10-22 03:12:53 +0000"
    },
    "done": true
  },
  "biomesoplenty:recipes/transportation/redwood_boat": {
    "criteria": {
      "in_water": "2024-10-22 02:41:29 +0000"
    },
    "done": true
  },
  "minecraft:recipes/building_blocks/spruce_slab": {
    "criteria": {
      "has_planks": "2024-10-22 02:41:46 +0000"
    },
    "done": true
  },
  "bakery:main/get_all_baked_goods": {
    "criteria": {
      "bakery:braided_bread": "2024-10-22 03:15:02 +0000",
      "bakery:croissant": "2024-10-22 03:07:46 +0000"
    },
    "done": false
  },
  "iceandfire:recipes/misc/dragon_ice_spikes": {
    "criteria": {
      "has_item": "2024-10-22 03:27:01 +0000"
    },
    "done": true
  },
  "cfm:recipes/decorations/spruce_upgraded_gate": {
    "criteria": {
      "has_log": "2024-10-22 02:41:41 +0000"
    },
    "done": true
  },
  "vinery:main/root": {
    "criteria": {
      "seeds": "2024-10-22 02:39:03 +0000"
    },
    "done": true
  },
  "minecraft:recipes/combat/diamond_boots": {
    "criteria": {
      "has_diamond": "2024-10-22 03:13:41 +0000"
    },
    "done": true
  },
  "minecraft:recipes/transportation/mangrove_boat": {
    "criteria": {
      "in_water": "2024-10-22 02:41:29 +0000"
    },
    "done": true
  },
  "supplementaries:recipes/daub_brace": {
    "criteria": {
      "forge:rods/wooden": "2024-10-22 02:41:49 +0000"
    },
    "done": true
  },
  "minecraft:recipes/decorations/torch": {
    "criteria": {
      "has_stone_pickaxe": "2024-10-22 02:44:43 +0000"
    },
    "done": true
  },
  "supplementaries:recipes/flags/flag_blue": {
    "criteria": {
      "has_stick": "2024-10-22 02:41:49 +0000"
    },
    "done": true
  },
  "minecraft:recipes/building_blocks/spruce_planks": {
    "criteria": {
      "has_logs": "2024-10-22 02:41:41 +0000"
    },
    "done": true
  },
  "cfm:recipes/decorations/warped_kitchen_sink_light": {
    "criteria": {
      "has_bucket": "2024-10-22 03:24:50 +0000"
    },
    "done": true
  },
  "cfm:recipes/decorations/stripped_birch_kitchen_sink_light": {
    "criteria": {
      "has_bucket": "2024-10-22 03:24:50 +0000"
    },
    "done": true
  },
  "supplementaries:recipes/notice_board": {
    "criteria": {
      "minecraft:planks": "2024-10-22 02:41:46 +0000"
    },
    "done": true
  },
  "nethersdelight:recipes/tools/diamond_machete": {
    "criteria": {
      "has_diamond": "2024-10-22 03:13:41 +0000"
    },
    "done": true
  },
  "supplementaries:recipes/daub_frame": {
    "criteria": {
      "forge:rods/wooden": "2024-10-22 02:41:49 +0000"
    },
    "done": true
  },
  "biomesoplenty:recipes/transportation/hellbark_boat": {
    "criteria": {
      "in_water": "2024-10-22 02:41:29 +0000"
    },
    "done": true
  },
  "biomesoplenty:recipes/building_blocks/maple_planks": {
    "criteria": {
      "has_logs": "2024-10-22 03:19:45 +0000"
    },
    "done": true
  },
  "minecraft:recipes/building_blocks/dried_kelp_block": {
    "criteria": {
      "has_dried_kelp": "2024-10-22 03:23:34 +0000"
    },
    "done": true
  },
  "biomesoplenty:recipes/transportation/jacaranda_boat": {
    "criteria": {
      "in_water": "2024-10-22 02:41:29 +0000"
    },
    "done": true
  },
  "farmersdelight:recipes/cooking/beef_stew": {
    "criteria": {
      "has_any_ingredient": "2024-10-22 02:44:02 +0000"
    },
    "done": true
  },
  "biomesoplenty:recipes/transportation/mahogany_boat": {
    "criteria": {
      "in_water": "2024-10-22 02:41:29 +0000"
    },
    "done": true
  },
  "cfm:recipes/decorations/spruce_bedside_cabinet": {
    "criteria": {
      "has_log": "2024-10-22 02:41:41 +0000"
    },
    "done": true
  },
  "vinery:recipes/dark_cherry_fence_gate": {
    "criteria": {
      "has_stick": "2024-10-22 02:41:49 +0000"
    },
    "done": true
  },
  "minecraft:recipes/tools/wooden_pickaxe": {
    "criteria": {
      "has_stick": "2024-10-22 02:41:49 +0000"
    },
    "done": true
  },
  "farmersdelight:main/root": {
    "criteria": {
      "seeds": "2024-10-22 02:39:03 +0000"
    },
    "done": true
  },
  "farmersdelight:recipes/food/mixed_salad": {
    "criteria": {
      "has_bowl": "2024-10-22 03:12:00 +0000"
    },
    "done": true
  },
  "minecraft:recipes/food/baked_potato_from_smoking": {
    "criteria": {
      "has_potato": "2024-10-22 02:44:02 +0000"
    },
    "done": true
  },
  "supplementaries:recipes/flags/flag_cyan": {
    "criteria": {
      "has_stick": "2024-10-22 02:41:49 +0000"
    },
    "done": true
  },
  "minecraft:story/upgrade_tools": {
    "criteria": {
      "stone_pickaxe": "2024-10-22 02:44:43 +0000"
    },
    "done": true
  },
  "farmersdelight:recipes/cooking/bone_broth": {
    "criteria": {
      "has_bone": "2024-10-22 03:21:21 +0000"
    },
    "done": true
  },
  "bakery:main/eat_sandwich": {
    "criteria": {
      "eat_sandwich": "2024-10-22 03:15:13 +0000"
    },
    "done": true
  },
  "biomesoplenty:recipes/transportation/palm_boat": {
    "criteria": {
      "in_water": "2024-10-22 02:41:29 +0000"
    },
    "done": true
  },
  "biomesoplenty:recipes/transportation/empyreal_boat": {
    "criteria": {
      "in_water": "2024-10-22 02:41:29 +0000"
    },
    "done": true
  },
  "cfm:recipes/decorations/spruce_desk_cabinet": {
    "criteria": {
      "has_log": "2024-10-22 02:41:41 +0000"
    },
    "done": true
  },
  "supplementaries:recipes/flags/flag_yellow": {
    "criteria": {
      "has_stick": "2024-10-22 02:41:49 +0000"
    },
    "done": true
  },
  "cfm:recipes/decorations/crimson_kitchen_sink_dark": {
    "criteria": {
      "has_bucket": "2024-10-22 03:24:50 +0000"
    },
    "done": true
  },
  "farmersdelight:main/eat_nourishing_food": {
    "criteria": {
      "nourishment": "2024-10-22 03:12:00 +0000"
    },
    "done": true
  },
  "minecraft:recipes/redstone/spruce_trapdoor": {
    "criteria": {
      "has_planks": "2024-10-22 02:41:46 +0000"
    },
    "done": true
  },
  "cfm:recipes/decorations/stripped_oak_kitchen_sink_light": {
    "criteria": {
      "has_bucket": "2024-10-22 03:24:50 +0000"
    },
    "done": true
  },
  "minecraft:recipes/redstone/spruce_door": {
    "criteria": {
      "has_planks": "2024-10-22 02:41:46 +0000"
    },
    "done": true
  },
  "minecraft:recipes/redstone/spruce_fence_gate": {
    "criteria": {
      "has_planks": "2024-10-22 02:41:46 +0000"
    },
    "done": true
  },
  "cfm:recipes/decorations/spruce_kitchen_counter": {
    "criteria": {
      "has_log": "2024-10-22 02:41:41 +0000"
    },
    "done": true
  },
  "supplementaries:recipes/flags/flag_light_gray": {
    "criteria": {
      "has_stick": "2024-10-22 02:41:49 +0000"
    },
    "done": true
  },
  "cfm:recipes/decorations/stripped_spruce_desk": {
    "criteria": {
      "has_planks": "2024-10-22 02:41:41 +0000"
    },
    "done": true
  },
  "iceandfire:recipes/tools/dragonbone_sword": {
    "criteria": {
      "has_item": "2024-10-22 03:12:53 +0000"
    },
    "done": true
  },
  "cfm:recipes/decorations/oak_kitchen_sink_light": {
    "criteria": {
      "has_bucket": "2024-10-22 03:24:50 +0000"
    },
    "done": true
  },
  "farmersdelight:recipes/building_blocks/organic_compost_from_rotten_flesh": {
    "criteria": {
      "has_rotten_flesh": "2024-10-22 02:57:53 +0000"
    },
    "done": true
  },
  "minecraft:recipes/food/cooked_cod_from_campfire_cooking": {
    "criteria": {
      "has_cod": "2024-10-22 03:23:28 +0000"
    },
    "done": true
  },
  "cfm:recipes/decorations/stripped_spruce_kitchen_drawer": {
    "criteria": {
      "has_log": "2024-10-22 02:41:41 +0000"
    },
    "done": true
  },
  "supplementaries:recipes/flags/flag_red": {
    "criteria": {
      "has_stick": "2024-10-22 02:41:49 +0000"
    },
    "done": true
  },
  "cfm:recipes/decorations/stripped_spruce_desk_cabinet": {
    "criteria": {
      "has_planks": "2024-10-22 02:41:41 +0000"
    },
    "done": true
  },
  "minecraft:adventure/kill_a_mob": {
    "criteria": {
      "minecraft:blaze": "2024-10-22 02:51:47 +0000",
      "minecraft:pillager": "2024-10-22 02:51:47 +0000",
      "minecraft:skeleton": "2024-10-22 02:51:47 +0000",
      "minecraft:elder_guardian": "2024-10-22 02:51:47 +0000",
      "minecraft:zoglin": "2024-10-22 02:51:47 +0000",
      "minecraft:ravager": "2024-10-22 02:51:47 +0000",
      "minecraft:ghast": "2024-10-22 02:51:47 +0000",
      "minecraft:hoglin": "2024-10-22 02:51:47 +0000",
      "minecraft:guardian": "2024-10-22 02:51:47 +0000",
      "minecraft:vindicator": "2024-10-22 02:51:47 +0000",
      "minecraft:magma_cube": "2024-10-22 02:51:47 +0000",
      "minecraft:piglin_brute": "2024-10-22 02:51:47 +0000",
      "minecraft:spider": "2024-10-22 02:51:47 +0000",
      "minecraft:creeper": "2024-10-22 02:51:47 +0000",
      "minecraft:wither": "2024-10-22 02:51:47 +0000",
      "minecraft:evoker": "2024-10-22 02:51:47 +0000",
      "minecraft:slime": "2024-10-22 02:51:47 +0000",
      "minecraft:phantom": "2024-10-22 02:51:47 +0000",
      "minecraft:zombified_piglin": "2024-10-22 02:51:47 +0000",
      "minecraft:witch": "2024-10-22 02:51:47 +0000",
      "minecraft:wither_skeleton": "2024-10-22 02:51:47 +0000",
      "minecraft:husk": "2024-10-22 02:51:47 +0000",
      "minecraft:ender_dragon": "2024-10-22 02:51:47 +0000",
      "minecraft:shulker": "2024-10-22 02:51:47 +0000",
      "minecraft:cave_spider": "2024-10-22 02:51:47 +0000",
      "minecraft:piglin": "2024-10-22 02:51:47 +0000",
      "minecraft:enderman": "2024-10-22 02:51:47 +0000",
      "minecraft:silverfish": "2024-10-22 02:51:47 +0000",
      "minecraft:stray": "2024-10-22 02:51:47 +0000",
      "minecraft:endermite": "2024-10-22 02:51:47 +0000",
      "minecraft:vex": "2024-10-22 02:51:47 +0000",
      "minecraft:zombie": "2024-10-22 02:51:47 +0000",
      "minecraft:drowned": "2024-10-22 02:51:47 +0000",
      "minecraft:zombie_villager": "2024-10-22 02:51:47 +0000"
    },
    "done": true
  },
  "minecraft:adventure/adventuring_time": {
    "criteria": {
      "minecraft:taiga": "2024-10-22 02:40:23 +0000",
      "minecraft:frozen_river": "2024-10-22 03:26:43 +0000",
      "minecraft:beach": "2024-10-22 03:20:48 +0000",
      "minecraft:river": "2024-10-22 02:41:16 +0000",
      "minecraft:snowy_taiga": "2024-10-22 03:27:27 +0000",
      "minecraft:forest": "2024-10-22 02:45:16 +0000",
      "minecraft:frozen_ocean": "2024-10-22 03:24:53 +0000",
      "minecraft:snowy_beach": "2024-10-22 03:24:36 +0000",
      "minecraft:plains": "2024-10-22 02:46:22 +0000"
    },
    "done": false
  },
  "born_in_chaos_v1:horrorofthe_depths": {
    "criteria": {
      "horrorofthe_depths_0": "2024-10-22 03:22:58 +0000"
    },
    "done": true
  },
  "iceandfire:iceandfire/kill_ghost": {
    "criteria": {
      "killed_fire_dragon": "2024-10-22 03:31:10 +0000"
    },
    "done": true
  },
  "bakery:recipes/bread_box": {
    "criteria": {
      "has_stick": "2024-10-22 02:41:49 +0000"
    },
    "done": true
  },
  "supplementaries:recipes/pulley": {
    "criteria": {
      "minecraft:planks": "2024-10-22 02:41:46 +0000"
    },
    "done": true
  },
  "cfm:recipes/decorations/spruce_kitchen_drawer": {
    "criteria": {
      "has_log": "2024-10-22 02:41:41 +0000"
    },
    "done": true
  },
  "minecraft:recipes/building_blocks/cobblestone_stairs_from_cobblestone_stonecutting": {
    "criteria": {
      "has_cobblestone": "2024-10-22 02:43:11 +0000"
    },
    "done": true
  },
  "farmersdelight:recipes/decorations/cutting_board": {
    "criteria": {
      "has_stick": "2024-10-22 02:41:49 +0000"
    },
    "done": true
  },
  "minecraft:recipes/food/mushroom_stew": {
    "criteria": {
      "has_bowl": "2024-10-22 03:12:00 +0000"
    },
    "done": true
  },
  "minecraft:husbandry/balanced_diet": {
    "criteria": {
      "potato": "2024-10-22 02:49:53 +0000",
      "enchanted_golden_apple": "2024-10-22 03:18:06 +0000"
    },
    "done": false
  },
  "minecraft:recipes/food/cooked_cod": {
    "criteria": {
      "has_cod": "2024-10-22 03:23:28 +0000"
    },
    "done": true
  },
  "cfm:recipes/decorations/light_blue_kitchen_sink": {
    "criteria": {
      "has_bucket": "2024-10-22 03:24:50 +0000"
    },
    "done": true
  },
  "minecraft:recipes/redstone/tnt": {
    "criteria": {
      "has_gunpowder": "2024-10-22 03:20:35 +0000"
    },
    "done": true
  },
  "iceandfire:recipes/misc/dragon_horn": {
    "criteria": {
      "has_item": "2024-10-22 03:12:53 +0000"
    },
    "done": true
  },
  "minecraft:recipes/tools/stone_hoe": {
    "criteria": {
      "has_cobblestone": "2024-10-22 02:43:11 +0000"
    },
    "done": true
  },
  "minecraft:recipes/building_blocks/spruce_stairs": {
    "criteria": {
      "has_planks": "2024-10-22 02:41:46 +0000"
    },
    "done": true
  },
  "iceandfire:recipes/misc/dragon_stick": {
    "criteria": {
      "has_item": "2024-10-22 03:12:57 +0000"
    },
    "done": true
  },
  "minecraft:recipes/tools/diamond_axe": {
    "criteria": {
      "has_diamond": "2024-10-22 03:13:41 +0000"
    },
    "done": true
  },
  "cfm:recipes/decorations/stripped_spruce_bedside_cabinet": {
    "criteria": {
      "has_planks": "2024-10-22 02:41:41 +0000"
    },
    "done": true
  },
  "cfm:recipes/decorations/red_kitchen_sink": {
    "criteria": {
      "has_bucket": "2024-10-22 03:24:50 +0000"
    },
    "done": true
  },
  "minecraft:story/root": {
    "criteria": {
      "crafting_table": "2024-10-22 02:42:10 +0000"
    },
    "done": true
  },
  "biomesoplenty:recipes/misc/purple_dye_from_lavender": {
    "criteria": {
      "has_lavender": "2024-10-22 02:46:39 +0000"
    },
    "done": true
  },
  "minecraft:recipes/transportation/dark_oak_boat": {
    "criteria": {
      "in_water": "2024-10-22 02:41:29 +0000"
    },
    "done": true
  },
  "supplementaries:recipes/flags/flag_lime": {
    "criteria": {
      "has_stick": "2024-10-22 02:41:49 +0000"
    },
    "done": true
  },
  "minecraft:recipes/misc/mojang_banner_pattern": {
    "criteria": {
      "has_enchanted_golden_apple": "2024-10-22 03:15:44 +0000"
    },
    "done": true
  },
  "cfm:recipes/decorations/stripped_spruce_kitchen_sink_dark": {
    "criteria": {
      "has_bucket": "2024-10-22 03:24:50 +0000"
    },
    "done": true
  },
  "cfm:recipes/decorations/spruce_table": {
    "criteria": {
      "has_log": "2024-10-22 02:41:41 +0000"
    },
    "done": true
  },
  "DataVersion": 3465
}